-- phpMyAdmin SQL Dump
-- version 5.2.1
-- https://www.phpmyadmin.net/
--
-- Host: 127.0.0.1
-- Generation Time: Oct 14, 2025 at 08:12 PM
-- Server version: 10.4.32-MariaDB
-- PHP Version: 8.2.12

SET SQL_MODE = "NO_AUTO_VALUE_ON_ZERO";
START TRANSACTION;
SET time_zone = "+00:00";


/*!40101 SET @OLD_CHARACTER_SET_CLIENT=@@CHARACTER_SET_CLIENT */;
/*!40101 SET @OLD_CHARACTER_SET_RESULTS=@@CHARACTER_SET_RESULTS */;
/*!40101 SET @OLD_COLLATION_CONNECTION=@@COLLATION_CONNECTION */;
/*!40101 SET NAMES utf8mb4 */;

--
-- Database: `hidro-online2`
--

-- --------------------------------------------------------

--
-- Table structure for table `categorias`
--

CREATE TABLE `categorias` (
  `id` int(11) NOT NULL,
  `nombre` varchar(255) NOT NULL,
  `slug` varchar(255) DEFAULT NULL,
  `descripcion` text DEFAULT NULL,
  `imagen` varchar(255) DEFAULT NULL,
  `activo` tinyint(1) DEFAULT 1,
  `created_at` timestamp NOT NULL DEFAULT current_timestamp()
) ENGINE=InnoDB DEFAULT CHARSET=utf8mb4 COLLATE=utf8mb4_unicode_ci;

--
-- Dumping data for table `categorias`
--

INSERT INTO `categorias` (`id`, `nombre`, `slug`, `descripcion`, `imagen`, `activo`, `created_at`) VALUES
(1, 'CPVC agua caliente', 'cpvc-agua-caliente', NULL, NULL, 1, '2025-09-23 17:46:58'),
(2, 'Tubería PPR', 'tuberia-ppr', NULL, NULL, 1, '2025-09-23 17:46:58'),
(3, 'Hidráulica inglés C-40 PVC', 'ingles-c40-pvc', NULL, NULL, 1, '2025-10-07 16:55:26'),
(4, 'Cementos', 'cementos', NULL, NULL, 1, '2025-10-07 16:26:08'),
(5, 'Hidráulica inglés C-80 PVC', 'ingles-c80-pvc', NULL, NULL, 1, '2025-10-07 16:55:26'),
(6, 'Hidráulica inglés campana CPVC', 'campana-CPVC', NULL, NULL, 1, '2025-10-07 16:58:27'),
(7, 'Tuberías especiales', 'tuberia-especial', NULL, NULL, 1, '2025-10-07 16:58:27'),
(8, 'Tubería galvanizada', 'tuberia-galvanizada', NULL, NULL, 1, '2025-09-23 17:46:58'),
(9, 'Toma domiciliaria', 'toma-domi', NULL, NULL, 1, '2025-09-23 17:46:58'),
(10, 'Medidores y valvulas', 'medidores-y-valvulas', NULL, NULL, 1, '2025-09-23 17:46:58'),
(11, 'Conexiones fierro fundido', 'Conexiones fierro fundido', NULL, NULL, 1, '2025-10-07 17:02:15'),
(12, 'Alacantarillado métrico campana', 'métrico-campana', NULL, NULL, 1, '2025-10-07 17:02:15'),
(13, 'Tubería polietileno corrugado', 'polietileno-corrugado', NULL, NULL, 1, '2025-10-07 17:08:28'),
(14, 'Linea Sanitaria', 'linea-sanitaria', NULL, NULL, 1, '2025-09-23 17:46:58'),
(15, 'Productos destacados', 'Featured', 'Productos que van a aparecer en index', NULL, 1, '2025-09-23 20:23:01');

-- --------------------------------------------------------

--
-- Table structure for table `medidas_categoria`
--

CREATE TABLE `medidas_categoria` (
  `id` int(11) NOT NULL,
  `categoria_id` int(11) NOT NULL,
  `medida_id` varchar(100) NOT NULL
) ENGINE=InnoDB DEFAULT CHARSET=utf8mb4 COLLATE=utf8mb4_unicode_ci;

--
-- Dumping data for table `medidas_categoria`
--

INSERT INTO `medidas_categoria` (`id`, `categoria_id`, `medida_id`) VALUES
(5, 1, '1 ½\"'),
(4, 1, '1 ¼\"'),
(3, 1, '1\"'),
(1, 1, '½\"'),
(6, 1, '2\"'),
(2, 1, '¾\"'),
(9, 4, '1\"'),
(7, 4, '½\"'),
(18, 4, '10\"'),
(11, 4, '1½\"'),
(10, 4, '1¼\"'),
(19, 4, '12\"'),
(12, 4, '2\"'),
(13, 4, '2½\"'),
(14, 4, '3\"'),
(8, 4, '¾\"'),
(15, 4, '4\"'),
(16, 4, '6\"'),
(17, 4, '8\"'),
(45, 8, '1\"'),
(43, 8, '½\"'),
(47, 8, '1½\"'),
(46, 8, '1¼\"'),
(48, 8, '2\"'),
(49, 8, '2½\"'),
(50, 8, '3\"'),
(44, 8, '¾\"'),
(51, 8, '4\"');

-- --------------------------------------------------------

--
-- Table structure for table `productos`
--

CREATE TABLE `productos` (
  `id` int(11) NOT NULL,
  `nombre` varchar(255) NOT NULL,
  `descripcion` text DEFAULT NULL,
  `tabla_med` text DEFAULT NULL,
  `especificaciones` text DEFAULT NULL,
  `precio` decimal(10,2) NOT NULL,
  `stock` int(11) DEFAULT 0,
  `imagen` varchar(255) DEFAULT NULL,
  `categoria_id` int(11) NOT NULL,
  `requiere_medidas` tinyint(1) DEFAULT 0,
  `activo` tinyint(1) DEFAULT 1,
  `created_at` timestamp NOT NULL DEFAULT current_timestamp(),
  `updated_at` timestamp NOT NULL DEFAULT current_timestamp() ON UPDATE current_timestamp(),
  `descuento` tinyint(3) DEFAULT NULL,
  `Recomendaciones_id` int(11) DEFAULT NULL
) ENGINE=InnoDB DEFAULT CHARSET=utf8mb4 COLLATE=utf8mb4_unicode_ci;

--
-- Dumping data for table `productos`
--

INSERT INTO `productos` (`id`, `nombre`, `descripcion`, `tabla_med`, `especificaciones`, `precio`, `stock`, `imagen`, `categoria_id`, `requiere_medidas`, `activo`, `created_at`, `updated_at`, `descuento`, `Recomendaciones_id`) VALUES
(1, 'Adaptador Hembra CPVC', '<strong>ADAPTADOR HEMBRA CPVC</strong><br>Conector que permite unir tuberías de CPVC con accesorios de rosca macho. Resistente a altas temperaturas y presión, ideal para instalaciones hidráulicas y de agua caliente.', '<div class=\"tabla-container\"><div class=\"titulo-tabla\">TUBERÍA CPVC</div><table><thead><tr><th>DIÁMETRO pulgadas</th><th>DIÁMETRO milímetros</th></tr></thead><tbody><tr><td>½\"</td><td>13</td></tr><tr><td>¾\"</td><td>19</td></tr><tr><td>1\"</td><td>25</td></tr><tr><td>1 ¼\"</td><td>32</td></tr><tr><td>1 ½\"</td><td>38</td></tr><tr><td>2\"</td><td>50</td></tr></tbody></table><div class=\"info-extra\">Tubo en tramo de 6.10 m</div></div>', 'Material CPVC <br> Rosca NTP Estándar <br> Soporta hasta 80°C <br> Estandar ASTMD2846 <br> RD11', 8.50, 50, '', 1, 1, 1, '2025-09-23 19:45:31', '2025-09-29 17:59:55', 0, NULL),
(2, 'Adaptador Hembra Inserción Metálica CPVC', '<strong>ADAPTADOR HEMBRA INSERCIÓN METÁLICA CPVC</strong><br>Pieza que combina la resistencia del CPVC con una inserción metálica para conexiones roscadas. Aporta durabilidad y evita desgaste en uniones frecuentes.', '<div class=\"tabla-container\"><div class=\"titulo-tabla\">TUBERÍA CPVC</div><table><thead><tr><th>DIÁMETRO pulgadas</th><th>DIÁMETRO milímetros</th></tr></thead><tbody><tr><td>½\"</td><td>13</td></tr><tr><td>¾\"</td><td>19</td></tr><tr><td>1\"</td><td>25</td></tr><tr><td>1 ¼\"</td><td>32</td></tr><tr><td>1 ½\"</td><td>38</td></tr><tr><td>2\"</td><td>50</td></tr></tbody></table><div class=\"info-extra\">Tubo en tramo de 6.10 m</div></div>', 'Material CPVC <br> Rosca NTP Estándar <br> Inserción metálica <br> Soporta hasta 80°C <br> Estandar ASTMD2846 <br> RD11', 12.00, 50, '', 1, 1, 1, '2025-09-23 20:16:40', '2025-09-29 16:04:36', NULL, NULL),
(3, 'Adaptador Macho Inserción Metálica CPVC', '<strong>ADAPTADOR MACHO INSERCIÓN METÁLICA CPVC</strong><br>Adaptador de CPVC con inserción metálica roscada macho. Diseñado para conexiones firmes y seguras en instalaciones que requieren resistencia adicional.', '<div class=\"tabla-container\"><div class=\"titulo-tabla\">TUBERÍA CPVC</div><table><thead><tr><th>DIÁMETRO pulgadas</th><th>DIÁMETRO milímetros</th></tr></thead><tbody><tr><td>½\"</td><td>13</td></tr><tr><td>¾\"</td><td>19</td></tr><tr><td>1\"</td><td>25</td></tr><tr><td>1 ¼\"</td><td>32</td></tr><tr><td>1 ½\"</td><td>38</td></tr><tr><td>2\"</td><td>50</td></tr></tbody></table><div class=\"info-extra\">Tubo en tramo de 6.10 m</div></div>', 'Material CPVC <br> Rosca NTP Estándar <br> Soporta hasta 80°C <br> Estandar ASTMD2846 <br> RD11', 12.00, 50, '', 1, 1, 1, '2025-09-23 20:17:29', '2025-09-29 16:04:36', NULL, NULL),
(4, 'Adaptador Macho CPVC', '<strong>ADAPTADOR MACHO CPVC</strong><br>Accesorio que facilita la unión de tuberías CPVC con conexiones de rosca hembra. Ligero, resistente a la corrosión y fácil de instalar.', '<div class=\"tabla-container\"><div class=\"titulo-tabla\">TUBERÍA CPVC</div><table><thead><tr><th>DIÁMETRO pulgadas</th><th>DIÁMETRO milímetros</th></tr></thead><tbody><tr><td>½\"</td><td>13</td></tr><tr><td>¾\"</td><td>19</td></tr><tr><td>1\"</td><td>25</td></tr><tr><td>1 ¼\"</td><td>32</td></tr><tr><td>1 ½\"</td><td>38</td></tr><tr><td>2\"</td><td>50</td></tr></tbody></table><div class=\"info-extra\">Tubo en tramo de 6.10 m</div></div>', 'Material CPVC <br> Rosca NTP Estándar <br> Soporta hasta 80°C <br> Estandar ASTMD2846 <br> RD11', 7.50, 50, '', 1, 1, 1, '2025-09-23 20:20:19', '2025-09-29 16:04:36', NULL, NULL),
(5, 'Tuerca Unión CPVC', '<strong>TUERCA UNIÓN CPVC</strong><br>Pieza desmontable que permite unir o separar secciones de tubería sin cortar. Ideal para mantenimiento en sistemas de agua y reparaciones rápidas.', '<div class=\"tabla-container\"><div class=\"titulo-tabla\">TUBERÍA CPVC</div><table><thead><tr><th>DIÁMETRO pulgadas</th><th>DIÁMETRO milímetros</th></tr></thead><tbody><tr><td>½\"</td><td>13</td></tr><tr><td>¾\"</td><td>19</td></tr><tr><td>1\"</td><td>25</td></tr><tr><td>1 ¼\"</td><td>32</td></tr><tr><td>1 ½\"</td><td>38</td></tr><tr><td>2\"</td><td>50</td></tr></tbody></table><div class=\"info-extra\">Tubo en tramo de 6.10 m</div></div>', 'Material CPVC <br> Rosca NTP Estándar <br> Soporta hasta 80°C <br> Estandar ASTMD2846 <br> RD11', 6.00, 50, '', 1, 1, 1, '2025-09-23 20:20:19', '2025-09-29 16:04:36', NULL, NULL),
(6, 'Codo 90° CPVC', '<strong>CODO 90° CPVC</strong><br>Accesorio para cambiar la dirección del flujo a 90 grados en tuberías de CPVC. Se utiliza en instalaciones hidráulicas y de agua caliente.', '<div class=\"tabla-container\"><div class=\"titulo-tabla\">TUBERÍA CPVC</div><table><thead><tr><th>DIÁMETRO pulgadas</th><th>DIÁMETRO milímetros</th></tr></thead><tbody><tr><td>½\"</td><td>13</td></tr><tr><td>¾\"</td><td>19</td></tr><tr><td>1\"</td><td>25</td></tr><tr><td>1 ¼\"</td><td>32</td></tr><tr><td>1 ½\"</td><td>38</td></tr><tr><td>2\"</td><td>50</td></tr></tbody></table><div class=\"info-extra\">Tubo en tramo de 6.10 m</div></div>', 'Material CPVC <br> Rosca NTP Estándar <br> Soporta hasta 80°C <br> Estandar ASTMD2846 <br> RD11', 9.00, 50, '', 1, 1, 1, '2025-09-23 20:20:19', '2025-09-29 16:04:36', NULL, NULL),
(7, 'Codo 45° CPVC', '<strong>CODO 45° CPVC</strong><br>Codo que permite desviar el flujo a 45 grados. Reduce pérdidas de presión y se usa en trayectos donde se requiere una ligera desviación.', '<div class=\"tabla-container\"><div class=\"titulo-tabla\">TUBERÍA CPVC</div><table><thead><tr><th>DIÁMETRO pulgadas</th><th>DIÁMETRO milímetros</th></tr></thead><tbody><tr><td>½\"</td><td>13</td></tr><tr><td>¾\"</td><td>19</td></tr><tr><td>1\"</td><td>25</td></tr><tr><td>1 ¼\"</td><td>32</td></tr><tr><td>1 ½\"</td><td>38</td></tr><tr><td>2\"</td><td>50</td></tr></tbody></table><div class=\"info-extra\">Tubo en tramo de 6.10 m</div></div>', 'Material CPVC <br> Rosca NTP Estándar <br> Soporta hasta 80°C <br> Estandar ASTMD2846 <br> RD11', 8.50, 50, '', 1, 1, 1, '2025-09-23 20:20:19', '2025-09-29 16:04:36', NULL, NULL),
(8, 'Cople CPVC', '<strong>COPLE CPVC</strong><br>Conector recto para unir dos tramos de tubería CPVC del mismo diámetro. Sencillo y práctico para alargar o reparar tuberías.', '<div class=\"tabla-container\"><div class=\"titulo-tabla\">TUBERÍA CPVC</div><table><thead><tr><th>DIÁMETRO pulgadas</th><th>DIÁMETRO milímetros</th></tr></thead><tbody><tr><td>½\"</td><td>13</td></tr><tr><td>¾\"</td><td>19</td></tr><tr><td>1\"</td><td>25</td></tr><tr><td>1 ¼\"</td><td>32</td></tr><tr><td>1 ½\"</td><td>38</td></tr><tr><td>2\"</td><td>50</td></tr></tbody></table><div class=\"info-extra\">Tubo en tramo de 6.10 m</div></div>', 'Material CPVC <br> Rosca NTP Estándar <br> Soporta hasta 80°C <br> Estandar ASTMD2846 <br> RD11', 5.50, 50, '', 1, 1, 1, '2025-09-23 20:20:19', '2025-09-29 16:04:36', NULL, NULL),
(9, 'Reducción Cople CPVC', '<strong>REDUCCIÓN COPLE CPVC</strong><br>Pieza que une tuberías de diferente diámetro, permitiendo la transición entre medidas. Resistente a la presión y a la corrosión.', '<div class=\"tabla-container\"><div class=\"titulo-tabla\">TUBERÍA CPVC</div><table><thead><tr><th>DIÁMETRO pulgadas</th><th>DIÁMETRO milímetros</th></tr></thead><tbody><tr><td>½\"</td><td>13</td></tr><tr><td>¾\"</td><td>19</td></tr><tr><td>1\"</td><td>25</td></tr><tr><td>1 ¼\"</td><td>32</td></tr><tr><td>1 ½\"</td><td>38</td></tr><tr><td>2\"</td><td>50</td></tr></tbody></table><div class=\"info-extra\">Tubo en tramo de 6.10 m</div></div>', 'Material CPVC <br> Rosca NTP Estándar <br> Soporta hasta 80°C <br> Estandar ASTMD2846 <br> RD11', 7.00, 50, '', 1, 1, 1, '2025-09-23 20:20:19', '2025-09-29 16:04:36', NULL, NULL),
(10, 'TEE CPVC', '<strong>TEE CPVC</strong><br>Accesorio en forma de “T” que permite ramificar el flujo en tres direcciones. Ideal para distribuir agua en diferentes puntos de la instalación.', '<div class=\"tabla-container\"><div class=\"titulo-tabla\">TUBERÍA CPVC</div><table><thead><tr><th>DIÁMETRO pulgadas</th><th>DIÁMETRO milímetros</th></tr></thead><tbody><tr><td>½\"</td><td>13</td></tr><tr><td>¾\"</td><td>19</td></tr><tr><td>1\"</td><td>25</td></tr><tr><td>1 ¼\"</td><td>32</td></tr><tr><td>1 ½\"</td><td>38</td></tr><tr><td>2\"</td><td>50</td></tr></tbody></table><div class=\"info-extra\">Tubo en tramo de 6.10 m</div></div>', 'Material CPVC <br> Rosca NTP Estándar <br> Soporta hasta 80°C <br> Estandar ASTMD2846 <br> RD11', 15.00, 50, '', 1, 1, 1, '2025-09-23 20:59:54', '2025-09-29 16:04:36', NULL, NULL),
(11, 'TEE REDUCIDA CPVC', '<strong>TEE REDUCIDA CPVC</strong><br>Tee que permite la unión de tres tuberías, con una salida de diámetro menor. Perfecta para derivaciones que requieren reducción de flujo.', '<div class=\"tabla-container\"><div class=\"titulo-tabla\">TUBERÍA CPVC</div><table><thead><tr><th>DIÁMETRO pulgadas</th><th>DIÁMETRO milímetros</th></tr></thead><tbody><tr><td>½\"</td><td>13</td></tr><tr><td>¾\"</td><td>19</td></tr><tr><td>1\"</td><td>25</td></tr><tr><td>1 ¼\"</td><td>32</td></tr><tr><td>1 ½\"</td><td>38</td></tr><tr><td>2\"</td><td>50</td></tr></tbody></table><div class=\"info-extra\">Tubo en tramo de 6.10 m</div></div>', '', 16.50, 50, '', 1, 1, 1, '2025-09-23 20:59:54', '2025-09-29 16:05:15', NULL, NULL),
(12, 'REDUCCIÓN BUSHING CPVC', '<strong>REDUCCIÓN BUSHING CPVC</strong><br>Accesorio reductor que facilita la conexión entre tuberías de diferentes diámetros. Compacto, durable y de fácil instalación.', '<div class=\"tabla-container\"><div class=\"titulo-tabla\">TUBERÍA CPVC</div><table><thead><tr><th>DIÁMETRO pulgadas</th><th>DIÁMETRO milímetros</th></tr></thead><tbody><tr><td>½\"</td><td>13</td></tr><tr><td>¾\"</td><td>19</td></tr><tr><td>1\"</td><td>25</td></tr><tr><td>1 ¼\"</td><td>32</td></tr><tr><td>1 ½\"</td><td>38</td></tr><tr><td>2\"</td><td>50</td></tr></tbody></table><div class=\"info-extra\">Tubo en tramo de 6.10 m</div></div>', 'Material CPVC <br> Rosca NTP Estándar <br> Soporta hasta 80°C <br> Estandar ASTMD2846 <br> RD11', 9.00, 50, '', 1, 1, 1, '2025-09-23 20:59:54', '2025-09-29 16:05:58', NULL, NULL),
(13, 'PINZAS PARA CORTE', '<strong>PINZAS PARA CORTE</strong><br>Herramienta diseñada para cortar tubería de CPVC de manera precisa y sin rebabas. Facilita el trabajo en instalaciones limpias y seguras.', '<div class=\"tabla-container\"><div class=\"titulo-tabla\">TUBERÍA CPVC</div>\r\n<table><thead><tr><th>DIÁMETRO pulgadas</th><th>DIÁMETRO milímetros</th></tr></thead><tbody><tr><td>½\"</td><td>13</td></tr><tr><td>¾\"</td><td>19</td></tr><tr><td>1\"</td><td>25</td></tr><tr><td>1 ¼\"</td><td>32</td></tr><tr><td>1 ½\"</td><td>38</td></tr><tr><td>2\"</td><td>50</td></tr></tbody></table><div class=\"info-extra\">Tubo en tramo de 6.10 m</div></div>', 'Material CPVC <br> Rosca NTP Estándar <br> Soporta hasta 80°C <br> Estandar ASTMD2846 <br> RD11', 35.00, 1, '', 1, 0, 1, '2025-09-23 20:59:54', '2025-09-30 16:00:27', 20, NULL),
(14, 'VÁLVULA BOLA CEMENTAR CPVC', '<strong>VÁLVULA BOLA CEMENTAR CPVC</strong><br>Válvula de bola fabricada en CPVC que se instala con cemento. Permite abrir o cerrar el paso del agua de forma rápida y confiable.', '<div class=\"tabla-container\"><div class=\"titulo-tabla\">TUBERÍA CPVC</div><table><thead><tr><th>DIÁMETRO pulgadas</th><th>DIÁMETRO milímetros</th></tr></thead><tbody><tr><td>½\"</td><td>13</td></tr><tr><td>¾\"</td><td>19</td></tr><tr><td>1\"</td><td>25</td></tr><tr><td>1 ¼\"</td><td>32</td></tr><tr><td>1 ½\"</td><td>38</td></tr><tr><td>2\"</td><td>50</td></tr></tbody></table><div class=\"info-extra\">Tubo en tramo de 6.10 m</div></div>', 'Material CPVC <br> Rosca NTP Estándar <br> Soporta hasta 80°C <br> Estandar ASTMD2846 <br> RD11', 22.00, 50, '', 1, 1, 1, '2025-09-23 20:59:54', '2025-09-29 16:05:59', NULL, NULL),
(15, 'TAPA CPVC', '<strong>TAPA CPVC</strong><br>Pieza utilizada para cerrar extremos de tubería. Se emplea en pruebas de presión o para dejar derivaciones listas para futuras conexiones.', '<div class=\"tabla-container\"><div class=\"titulo-tabla\">TUBERÍA CPVC</div><table><thead><tr><th>DIÁMETRO pulgadas</th><th>DIÁMETRO milímetros</th></tr></thead><tbody><tr><td>½\"</td><td>13</td></tr><tr><td>¾\"</td><td>19</td></tr><tr><td>1\"</td><td>25</td></tr><tr><td>1 ¼\"</td><td>32</td></tr><tr><td>1 ½\"</td><td>38</td></tr><tr><td>2\"</td><td>50</td></tr></tbody></table><div class=\"info-extra\">Tubo en tramo de 6.10 m</div></div>', 'Material CPVC <br> Rosca NTP Estándar <br> Soporta hasta 80°C <br> Estandar ASTMD2846 <br> RD11', 6.50, 50, '', 1, 1, 1, '2025-09-23 20:59:54', '2025-09-29 16:05:59', NULL, NULL),
(16, 'CODO PIPA ROSCADO OREJA CPVC', '<strong>CODO PIPA ROSCADO OREJA CPVC</strong><br>Accesorio en codo con base de fijación y salida roscada. Diseñado para instalaciones donde se requiere sujeción firme a muros o superficies.', '<div class=\"tabla-container\"><div class=\"titulo-tabla\">TUBERÍA CPVC</div><table><thead><tr><th>DIÁMETRO pulgadas</th><th>DIÁMETRO milímetros</th></tr></thead><tbody><tr><td>½\"</td><td>13</td></tr><tr><td>¾\"</td><td>19</td></tr><tr><td>1\"</td><td>25</td></tr><tr><td>1 ¼\"</td><td>32</td></tr><tr><td>1 ½\"</td><td>38</td></tr><tr><td>2\"</td><td>50</td></tr></tbody></table><div class=\"info-extra\">Tubo en tramo de 6.10 m</div></div>', 'Material CPVC <br> Rosca NTP Estándar <br> Soporta hasta 80°C <br> Estandar ASTMD2846 <br> RD11', 18.00, 50, '', 1, 1, 1, '2025-09-23 20:59:54', '2025-09-29 16:05:59', NULL, NULL),
(35, 'Adaptador Hembra C-40', '<strong>ADAPTADOR HEMBRA C-40</strong><br>Conector de PVC que permite unir un tubo liso con una rosca macho. Ideal para instalaciones hidráulicas donde se requiere una conexión firme y desmontable. Resistente a la corrosión y de fácil instalación.', '<table><tr><th>DIÁMETRO Pulgadas</th><td>½\"</td><td>¾\"</td><td>1\"</td><td>1¼\"</td><td>1½\"</td><td>2\"</td><td>2½\"</td><td>3\"</td><td>4\"</td><td>6\"</td><td>8\"</td><td>10\"</td><td>12\"</td></tr><tr><th>DIÁMETRO mm</th><td>13</td><td>19</td><td>25</td><td>32</td><td>38</td><td>50</td><td>60</td><td>75</td><td>100</td><td>150</td><td>200</td><td>250</td><td>315</td></tr></table>', 'Material: PVC (Policloruro de Vinilo) de alta resistencia<br>Norma: Clase 40 (C-40)<br>Presión máxima de trabajo: 450 psi a 23°C<br>Temperatura de operación: 0°C a 60°C<br>Color: Blanco<br>Unión: Roscar<br>Aplicaciones: Sistemas hidráulicos, piscinas, riego y conducción de agua potable<br>Resistente a la corrosión, químicos y rayos UV<br>Instalación: Fácil, ligera y sin necesidad de herramientas especializadas', 8.50, 50, '', 3, 1, 1, '2025-10-09 19:03:12', '2025-10-14 16:34:49', 0, NULL),
(36, 'Adaptador Macho C-40', '<strong>ADAPTADOR MACHO C-40</strong><br>Pieza con rosca externa diseñada para conectar tubos de PVC a accesorios con rosca interna. Ofrece un sellado confiable y evita fugas en sistemas de presión media.', '<table><tr><th>DIÁMETRO Pulgadas</th><td>½\"</td><td>¾\"</td><td>1\"</td><td>1¼\"</td><td>1½\"</td><td>2\"</td><td>2½\"</td><td>3\"</td><td>4\"</td><td>6\"</td><td>8\"</td><td>10\"</td><td>12\"</td></tr><tr><th>DIÁMETRO mm</th><td>13</td><td>19</td><td>25</td><td>32</td><td>38</td><td>50</td><td>60</td><td>75</td><td>100</td><td>150</td><td>200</td><td>250</td><td>315</td></tr></table>', 'Material: PVC (Policloruro de Vinilo) de alta resistencia<br>Norma: Clase 40 (C-40)<br>Presión máxima de trabajo: 450 psi a 23°C<br>Temperatura de operación: 0°C a 60°C<br>Color: Blanco<br>Unión: Roscar<br>Aplicaciones: Sistemas hidráulicos, piscinas, riego y conducción de agua potable<br>Resistente a la corrosión, químicos y rayos UV<br>Instalación: Fácil, ligera y sin necesidad de herramientas especializadas', 8.50, 50, '', 3, 1, 1, '2025-10-09 19:03:12', '2025-10-14 16:34:49', 0, NULL),
(37, 'Brida C-40', '<strong>BRIDA C-40</strong><br>Accesorio circular que se utiliza para unir o desmontar tramos de tubería. Facilita el mantenimiento de sistemas hidráulicos y asegura una conexión hermética.', '<table><tr><th>DIÁMETRO Pulgadas</th><td>½\"</td><td>¾\"</td><td>1\"</td><td>1¼\"</td><td>1½\"</td><td>2\"</td><td>2½\"</td><td>3\"</td><td>4\"</td><td>6\"</td><td>8\"</td><td>10\"</td><td>12\"</td></tr><tr><th>DIÁMETRO mm</th><td>13</td><td>19</td><td>25</td><td>32</td><td>38</td><td>50</td><td>60</td><td>75</td><td>100</td><td>150</td><td>200</td><td>250</td><td>315</td></tr></table>', 'Material: PVC (Policloruro de Vinilo) de alta resistencia<br>Norma: Clase 40 (C-40)<br>Presión máxima de trabajo: 450 psi a 23°C<br>Temperatura de operación: 0°C a 60°C<br>Color: Blanco<br>Unión: Cementar<br>Aplicaciones: Sistemas hidráulicos, piscinas, riego y conducción de agua potable<br>Resistente a la corrosión, químicos y rayos UV<br>Instalación: Fácil, ligera y sin necesidad de herramientas especializadas', 10.00, 50, '', 3, 1, 1, '2025-10-09 19:03:12', '2025-10-14 16:34:49', 0, NULL),
(38, 'Codo 45° C-40', '<strong>CODO 45° C-40</strong><br>Permite cambiar la dirección del flujo en un ángulo de 45 grados. Ideal para espacios reducidos o instalaciones que requieren desviaciones suaves en la tubería.', '<table><tr><th>DIÁMETRO Pulgadas</th><td>½\"</td><td>¾\"</td><td>1\"</td><td>1¼\"</td><td>1½\"</td><td>2\"</td><td>2½\"</td><td>3\"</td><td>4\"</td><td>6\"</td><td>8\"</td><td>10\"</td><td>12\"</td></tr><tr><th>DIÁMETRO mm</th><td>13</td><td>19</td><td>25</td><td>32</td><td>38</td><td>50</td><td>60</td><td>75</td><td>100</td><td>150</td><td>200</td><td>250</td><td>315</td></tr></table>', 'Material: PVC (Policloruro de Vinilo) de alta resistencia<br>Norma: Clase 40 (C-40)<br>Presión máxima de trabajo: 450 psi a 23°C<br>Temperatura de operación: 0°C a 60°C<br>Color: Blanco<br>Unión: Cementar<br>Aplicaciones: Sistemas hidráulicos, piscinas, riego y conducción de agua potable<br>Resistente a la corrosión, químicos y rayos UV<br>Instalación: Fácil, ligera y sin necesidad de herramientas especializadas', 7.50, 50, '', 3, 1, 1, '2025-10-09 19:03:12', '2025-10-14 16:34:49', 0, NULL),
(39, 'Codo 90° C-40', '<strong>CODO 90° C-40</strong><br>Accesorio que redirige el flujo de agua a 90 grados. Se utiliza comúnmente en esquinas o curvas cerradas dentro de sistemas de conducción de agua.', '<table><tr><th>DIÁMETRO Pulgadas</th><td>½\"</td><td>¾\"</td><td>1\"</td><td>1¼\"</td><td>1½\"</td><td>2\"</td><td>2½\"</td><td>3\"</td><td>4\"</td><td>6\"</td><td>8\"</td><td>10\"</td><td>12\"</td></tr><tr><th>DIÁMETRO mm</th><td>13</td><td>19</td><td>25</td><td>32</td><td>38</td><td>50</td><td>60</td><td>75</td><td>100</td><td>150</td><td>200</td><td>250</td><td>315</td></tr></table>', 'Material: PVC (Policloruro de Vinilo) de alta resistencia<br>Norma: Clase 40 (C-40)<br>Presión máxima de trabajo: 450 psi a 23°C<br>Temperatura de operación: 0°C a 60°C<br>Color: Blanco<br>Unión: Cementar<br>Aplicaciones: Sistemas hidráulicos, piscinas, riego y conducción de agua potable<br>Resistente a la corrosión, químicos y rayos UV<br>Instalación: Fácil, ligera y sin necesidad de herramientas especializadas', 7.50, 50, '', 3, 1, 1, '2025-10-09 19:03:12', '2025-10-14 16:34:49', 0, NULL),
(40, 'Cople C-40', '<strong>COPLE C-40</strong><br>Conector recto que une dos tubos del mismo diámetro. Proporciona continuidad al sistema hidráulico garantizando una unión firme y estanca.', '<table><tr><th>DIÁMETRO Pulgadas</th><td>½\"</td><td>¾\"</td><td>1\"</td><td>1¼\"</td><td>1½\"</td><td>2\"</td><td>2½\"</td><td>3\"</td><td>4\"</td><td>6\"</td><td>8\"</td><td>10\"</td><td>12\"</td></tr><tr><th>DIÁMETRO mm</th><td>13</td><td>19</td><td>25</td><td>32</td><td>38</td><td>50</td><td>60</td><td>75</td><td>100</td><td>150</td><td>200</td><td>250</td><td>315</td></tr></table>', 'Material: PVC (Policloruro de Vinilo) de alta resistencia<br>Norma: Clase 40 (C-40)<br>Presión máxima de trabajo: 450 psi a 23°C<br>Temperatura de operación: 0°C a 60°C<br>Color: Blanco<br>Unión: Cementar<br>Aplicaciones: Sistemas hidráulicos, piscinas, riego y conducción de agua potable<br>Resistente a la corrosión, químicos y rayos UV<br>Instalación: Fácil, ligera y sin necesidad de herramientas especializadas', 6.00, 50, '', 3, 1, 1, '2025-10-09 19:03:12', '2025-10-14 16:34:49', 0, NULL),
(41, 'Yee C-40', '<strong>YEE C-40</strong><br>Pieza en forma de “Y” que permite dividir o unir el flujo de agua en dos direcciones. Ideal para derivaciones o ramificaciones dentro del sistema.', '<table><tr><th>DIÁMETRO Pulgadas</th><td>½\"</td><td>¾\"</td><td>1\"</td><td>1¼\"</td><td>1½\"</td><td>2\"</td><td>2½\"</td><td>3\"</td><td>4\"</td><td>6\"</td><td>8\"</td><td>10\"</td><td>12\"</td></tr><tr><th>DIÁMETRO mm</th><td>13</td><td>19</td><td>25</td><td>32</td><td>38</td><td>50</td><td>60</td><td>75</td><td>100</td><td>150</td><td>200</td><td>250</td><td>315</td></tr></table>', 'Material: PVC (Policloruro de Vinilo) de alta resistencia<br>Norma: Clase 40 (C-40)<br>Presión máxima de trabajo: 450 psi a 23°C<br>Temperatura de operación: 0°C a 60°C<br>Color: Blanco<br>Unión: Cementar<br>Aplicaciones: Sistemas hidráulicos, piscinas, riego y conducción de agua potable<br>Resistente a la corrosión, químicos y rayos UV<br>Instalación: Fácil, ligera y sin necesidad de herramientas especializadas', 9.00, 50, '', 3, 1, 1, '2025-10-09 19:03:12', '2025-10-14 16:34:49', 0, NULL),
(42, 'Cruz C-40', '<strong>CRUZ C-40</strong><br>Accesorio en forma de “+” que conecta cuatro tramos de tubería. Se emplea en instalaciones donde se requiere distribución de flujo en múltiples direcciones.', '<table><tr><th>DIÁMETRO Pulgadas</th><td>½\"</td><td>¾\"</td><td>1\"</td><td>1¼\"</td><td>1½\"</td><td>2\"</td><td>2½\"</td><td>3\"</td><td>4\"</td><td>6\"</td><td>8\"</td><td>10\"</td><td>12\"</td></tr><tr><th>DIÁMETRO mm</th><td>13</td><td>19</td><td>25</td><td>32</td><td>38</td><td>50</td><td>60</td><td>75</td><td>100</td><td>150</td><td>200</td><td>250</td><td>315</td></tr></table>', 'Material: PVC (Policloruro de Vinilo) de alta resistencia<br>Norma: Clase 40 (C-40)<br>Presión máxima de trabajo: 450 psi a 23°C<br>Temperatura de operación: 0°C a 60°C<br>Color: Blanco<br>Unión: Cementar<br>Aplicaciones: Sistemas hidráulicos, piscinas, riego y conducción de agua potable<br>Resistente a la corrosión, químicos y rayos UV<br>Instalación: Fácil, ligera y sin necesidad de herramientas especializadas', 12.00, 50, '', 3, 1, 1, '2025-10-09 19:03:12', '2025-10-14 16:34:49', 0, NULL),
(43, 'Tee C-40', '<strong>TEE C-40</strong><br>Conector en forma de “T” que permite unir tres tramos de tubería. Se utiliza para crear derivaciones o ramales en sistemas hidráulicos.', '<table><tr><th>DIÁMETRO Pulgadas</th><td>½\"</td><td>¾\"</td><td>1\"</td><td>1¼\"</td><td>1½\"</td><td>2\"</td><td>2½\"</td><td>3\"</td><td>4\"</td><td>6\"</td><td>8\"</td><td>10\"</td><td>12\"</td></tr><tr><th>DIÁMETRO mm</th><td>13</td><td>19</td><td>25</td><td>32</td><td>38</td><td>50</td><td>60</td><td>75</td><td>100</td><td>150</td><td>200</td><td>250</td><td>315</td></tr></table>', 'Material: PVC (Policloruro de Vinilo) de alta resistencia<br>Norma: Clase 40 (C-40)<br>Presión máxima de trabajo: 450 psi a 23°C<br>Temperatura de operación: 0°C a 60°C<br>Color: Blanco<br>Unión: Cementar<br>Aplicaciones: Sistemas hidráulicos, piscinas, riego y conducción de agua potable<br>Resistente a la corrosión, químicos y rayos UV<br>Instalación: Fácil, ligera y sin necesidad de herramientas especializadas', 8.00, 50, '', 3, 1, 1, '2025-10-09 19:03:12', '2025-10-14 16:34:49', 0, NULL),
(44, 'Reducción Bushing C-40', '<strong>REDUCCIÓN BUSHING C-40</strong><br>Pieza que reduce el diámetro de una conexión roscada. Facilita la transición entre diferentes tamaños de tubería manteniendo una conexión segura.', '<table><tr><th>DIÁMETRO Pulgadas</th><td>½\"</td><td>¾\"</td><td>1\"</td><td>1¼\"</td><td>1½\"</td><td>2\"</td><td>2½\"</td><td>3\"</td><td>4\"</td><td>6\"</td><td>8\"</td><td>10\"</td><td>12\"</td></tr><tr><th>DIÁMETRO mm</th><td>13</td><td>19</td><td>25</td><td>32</td><td>38</td><td>50</td><td>60</td><td>75</td><td>100</td><td>150</td><td>200</td><td>250</td><td>315</td></tr></table>', 'Material: PVC (Policloruro de Vinilo) de alta resistencia<br>Norma: Clase 40 (C-40)<br>Presión máxima de trabajo: 450 psi a 23°C<br>Temperatura de operación: 0°C a 60°C<br>Color: Blanco<br>Unión: Roscar<br>Aplicaciones: Sistemas hidráulicos, piscinas, riego y conducción de agua potable<br>Resistente a la corrosión, químicos y rayos UV<br>Instalación: Fácil, ligera y sin necesidad de herramientas especializadas', 7.00, 50, '', 3, 1, 1, '2025-10-09 19:03:12', '2025-10-14 16:34:49', 0, NULL),
(45, 'Tuerca Unión Cementar C-40', '<strong>TUERCA UNIÓN CEMENTAR C-40</strong><br>Conector desmontable que permite unir y separar tramos de tubería cementada. Ideal para mantenimiento sin necesidad de cortar tuberías.', '<table><tr><th>DIÁMETRO Pulgadas</th><td>½\"</td><td>¾\"</td><td>1\"</td><td>1¼\"</td><td>1½\"</td><td>2\"</td><td>2½\"</td><td>3\"</td><td>4\"</td><td>6\"</td><td>8\"</td><td>10\"</td><td>12\"</td></tr><tr><th>DIÁMETRO mm</th><td>13</td><td>19</td><td>25</td><td>32</td><td>38</td><td>50</td><td>60</td><td>75</td><td>100</td><td>150</td><td>200</td><td>250</td><td>315</td></tr></table>', 'Material: PVC (Policloruro de Vinilo) de alta resistencia<br>Norma: Clase 40 (C-40)<br>Presión máxima de trabajo: 450 psi a 23°C<br>Temperatura de operación: 0°C a 60°C<br>Color: Blanco<br>Unión: Cementar<br>Aplicaciones: Sistemas hidráulicos, piscinas, riego y conducción de agua potable<br>Resistente a la corrosión, químicos y rayos UV<br>Instalación: Fácil, ligera y sin necesidad de herramientas especializadas', 11.00, 50, '', 3, 1, 1, '2025-10-09 19:03:12', '2025-10-14 16:34:49', 0, NULL),
(46, 'Tuerca Unión Roscar C-40', '<strong>TUERCA UNIÓN ROSCAR C-40</strong><br>Permite unir dos secciones de tubería mediante rosca, facilitando el desmontaje y la reparación. Ofrece una conexión firme y reutilizable.', '<table><tr><th>DIÁMETRO Pulgadas</th><td>½\"</td><td>¾\"</td><td>1\"</td><td>1¼\"</td><td>1½\"</td><td>2\"</td><td>2½\"</td><td>3\"</td><td>4\"</td><td>6\"</td><td>8\"</td><td>10\"</td><td>12\"</td></tr><tr><th>DIÁMETRO mm</th><td>13</td><td>19</td><td>25</td><td>32</td><td>38</td><td>50</td><td>60</td><td>75</td><td>100</td><td>150</td><td>200</td><td>250</td><td>315</td></tr></table>', 'Material: PVC (Policloruro de Vinilo) de alta resistencia<br>Norma: Clase 40 (C-40)<br>Presión máxima de trabajo: 450 psi a 23°C<br>Temperatura de operación: 0°C a 60°C<br>Color: Blanco<br>Unión: Roscar<br>Aplicaciones: Sistemas hidráulicos, piscinas, riego y conducción de agua potable<br>Resistente a la corrosión, químicos y rayos UV<br>Instalación: Fácil, ligera y sin necesidad de herramientas especializadas', 11.00, 50, '', 3, 1, 1, '2025-10-09 19:03:12', '2025-10-14 16:34:49', 0, NULL),
(47, 'Reducción Cople C-40', '<strong>REDUCCIÓN COPLE C-40</strong><br>Accesorio que une tubos de distinto diámetro mediante cementado. Garantiza una reducción segura y sin fugas en el sistema hidráulico.', '<table><tr><th>DIÁMETRO Pulgadas</th><td>½\"</td><td>¾\"</td><td>1\"</td><td>1¼\"</td><td>1½\"</td><td>2\"</td><td>2½\"</td><td>3\"</td><td>4\"</td><td>6\"</td><td>8\"</td><td>10\"</td><td>12\"</td></tr><tr><th>DIÁMETRO mm</th><td>13</td><td>19</td><td>25</td><td>32</td><td>38</td><td>50</td><td>60</td><td>75</td><td>100</td><td>150</td><td>200</td><td>250</td><td>315</td></tr></table>', 'Material: PVC (Policloruro de Vinilo) de alta resistencia<br>Norma: Clase 40 (C-40)<br>Presión máxima de trabajo: 450 psi a 23°C<br>Temperatura de operación: 0°C a 60°C<br>Color: Blanco<br>Unión: Cementar<br>Aplicaciones: Sistemas hidráulicos, piscinas, riego y conducción de agua potable<br>Resistente a la corrosión, químicos y rayos UV<br>Instalación: Fácil, ligera y sin necesidad de herramientas especializadas', 8.50, 50, '', 3, 1, 1, '2025-10-09 19:03:12', '2025-10-14 16:34:49', 0, NULL),
(48, 'Tapa Cementar C-40', '<strong>TAPA CEMENTAR C-40</strong><br>Elemento de cierre que sella el extremo de un tubo cementado. Se utiliza para pruebas de presión o cierre temporal o permanente de líneas.', '<table><tr><th>DIÁMETRO Pulgadas</th><td>½\"</td><td>¾\"</td><td>1\"</td><td>1¼\"</td><td>1½\"</td><td>2\"</td><td>2½\"</td><td>3\"</td><td>4\"</td><td>6\"</td><td>8\"</td><td>10\"</td><td>12\"</td></tr><tr><th>DIÁMETRO mm</th><td>13</td><td>19</td><td>25</td><td>32</td><td>38</td><td>50</td><td>60</td><td>75</td><td>100</td><td>150</td><td>200</td><td>250</td><td>315</td></tr></table>', 'Material: PVC (Policloruro de Vinilo) de alta resistencia<br>Norma: Clase 40 (C-40)<br>Presión máxima de trabajo: 450 psi a 23°C<br>Temperatura de operación: 0°C a 60°C<br>Color: Blanco<br>Unión: Cementar<br>Aplicaciones: Sistemas hidráulicos, piscinas, riego y conducción de agua potable<br>Resistente a la corrosión, químicos y rayos UV<br>Instalación: Fácil, ligera y sin necesidad de herramientas especializadas', 5.00, 50, '', 3, 1, 1, '2025-10-09 19:03:12', '2025-10-14 16:34:49', 0, NULL),
(49, 'Tapa Roscada C-40', '<strong>TAPA ROSCADA C-40</strong><br>Cierre desmontable con rosca interna, ideal para sistemas que requieren apertura o mantenimiento periódico. Asegura un sellado confiable.', '<table><tr><th>DIÁMETRO Pulgadas</th><td>½\"</td><td>¾\"</td><td>1\"</td><td>1¼\"</td><td>1½\"</td><td>2\"</td><td>2½\"</td><td>3\"</td><td>4\"</td><td>6\"</td><td>8\"</td><td>10\"</td><td>12\"</td></tr><tr><th>DIÁMETRO mm</th><td>13</td><td>19</td><td>25</td><td>32</td><td>38</td><td>50</td><td>60</td><td>75</td><td>100</td><td>150</td><td>200</td><td>250</td><td>315</td></tr></table>', 'Material: PVC (Policloruro de Vinilo) de alta resistencia<br>Norma: Clase 40 (C-40)<br>Presión máxima de trabajo: 450 psi a 23°C<br>Temperatura de operación: 0°C a 60°C<br>Color: Blanco<br>Unión: Roscar<br>Aplicaciones: Sistemas hidráulicos, piscinas, riego y conducción de agua potable<br>Resistente a la corrosión, químicos y rayos UV<br>Instalación: Fácil, ligera y sin necesidad de herramientas especializadas', 6.00, 50, '', 3, 1, 1, '2025-10-09 19:03:12', '2025-10-14 16:34:49', 0, NULL),
(50, 'Tapón Macho Roscado C-40', '<strong>TAPÓN MACHO ROSCADO C-40</strong><br>Accesorio de cierre con rosca externa utilizado para bloquear el paso de fluido. Reutilizable y de fácil instalación.', '<table><tr><th>DIÁMETRO Pulgadas</th><td>½\"</td><td>¾\"</td><td>1\"</td><td>1¼\"</td><td>1½\"</td><td>2\"</td><td>2½\"</td><td>3\"</td><td>4\"</td><td>6\"</td><td>8\"</td><td>10\"</td><td>12\"</td></tr><tr><th>DIÁMETRO mm</th><td>13</td><td>19</td><td>25</td><td>32</td><td>38</td><td>50</td><td>60</td><td>75</td><td>100</td><td>150</td><td>200</td><td>250</td><td>315</td></tr></table>', 'Material: PVC (Policloruro de Vinilo) de alta resistencia<br>Norma: Clase 40 (C-40)<br>Presión máxima de trabajo: 450 psi a 23°C<br>Temperatura de operación: 0°C a 60°C<br>Color: Blanco<br>Unión: Roscar<br>Aplicaciones: Sistemas hidráulicos, piscinas, riego y conducción de agua potable<br>Resistente a la corrosión, químicos y rayos UV<br>Instalación: Fácil, ligera y sin necesidad de herramientas especializadas', 5.50, 50, '', 3, 1, 1, '2025-10-09 19:03:12', '2025-10-14 16:34:49', 0, NULL),
(51, 'Válvula Cementar C-40', '<strong>VÁLVULA CEMENTAR C-40</strong><br>Válvula de bola con extremos para cementar, que permite controlar el flujo de agua con un giro sencillo. Resistente y libre de corrosión.', '<table><tr><th>DIÁMETRO Pulgadas</th><td>½\"</td><td>¾\"</td><td>1\"</td><td>1¼\"</td><td>1½\"</td><td>2\"</td><td>2½\"</td><td>3\"</td><td>4\"</td><td>6\"</td><td>8\"</td><td>10\"</td><td>12\"</td></tr><tr><th>DIÁMETRO mm</th><td>13</td><td>19</td><td>25</td><td>32</td><td>38</td><td>50</td><td>60</td><td>75</td><td>100</td><td>150</td><td>200</td><td>250</td><td>315</td></tr></table>', 'Material: PVC (Policloruro de Vinilo) de alta resistencia<br>Norma: Clase 40 (C-40)<br>Presión máxima de trabajo: 450 psi a 23°C<br>Temperatura de operación: 0°C a 60°C<br>Color: Blanco<br>Unión: Cementar<br>Aplicaciones: Sistemas hidráulicos, piscinas, riego y conducción de agua potable<br>Resistente a la corrosión, químicos y rayos UV<br>Instalación: Fácil, ligera y sin necesidad de herramientas especializadas', 25.00, 50, '', 3, 1, 1, '2025-10-09 19:03:12', '2025-10-14 16:34:49', 0, NULL),
(52, 'Válvula Roscar C-40', '<strong>VÁLVULA ROSCAR C-40</strong><br>Válvula de bola con extremos roscados, ideal para sistemas desmontables. Su manija ergonómica permite una apertura y cierre precisos.', '<table><tr><th>DIÁMETRO Pulgadas</th><td>½\"</td><td>¾\"</td><td>1\"</td><td>1¼\"</td><td>1½\"</td><td>2\"</td><td>2½\"</td><td>3\"</td><td>4\"</td><td>6\"</td><td>8\"</td><td>10\"</td><td>12\"</td></tr><tr><th>DIÁMETRO mm</th><td>13</td><td>19</td><td>25</td><td>32</td><td>38</td><td>50</td><td>60</td><td>75</td><td>100</td><td>150</td><td>200</td><td>250</td><td>315</td></tr></table>', 'Material: PVC (Policloruro de Vinilo) de alta resistencia<br>Norma: Clase 40 (C-40)<br>Presión máxima de trabajo: 450 psi a 23°C<br>Temperatura de operación: 0°C a 60°C<br>Color: Blanco<br>Unión: Roscar<br>Aplicaciones: Sistemas hidráulicos, piscinas, riego y conducción de agua potable<br>Resistente a la corrosión, químicos y rayos UV<br>Instalación: Fácil, ligera y sin necesidad de herramientas especializadas', 25.00, 50, '', 3, 1, 1, '2025-10-09 19:03:12', '2025-10-14 16:34:49', 0, NULL),
(53, 'ARES NARANJA/AMARILLO CPVC CTS', NULL, '<table><caption>Rendimiento por bote de 500 ML</caption><thead><tr><th>Diametro mm</th><th>Diametro pulgadas</th><th>Uniones</th></tr></thead><tbody><tr><td>13</td><td>1/2</td><td>200</td></tr><tr><td>19</td><td>3/4</td><td>125</td></tr><tr><td>25</td><td>1</td><td>110</td></tr><tr><td>32</td><td>1¼</td><td>75</td></tr><tr><td>38</td><td>1½</td><td>65</td></tr><tr><td>50</td><td>2</td><td>50</td></tr><tr><td>60</td><td>2½</td><td>40</td></tr><tr><td>75</td><td>3</td><td>35</td></tr><tr><td>100</td><td>4</td><td>20</td></tr><tr><td>150</td><td>6</td><td>10</td></tr></tbody></table>', 'Adhesivo especializado para sistemas CPVC CTS. Ofrece una unión resistente y duradera en instalaciones de agua caliente y fría. Ideal para uso doméstico e industrial gracias a su alta resistencia térmica y química.', 0.00, 0, NULL, 4, 1, 1, '2025-10-07 17:59:50', '2025-10-07 19:59:10', NULL, NULL),
(54, 'ARES AZUL TODA PRESIÓN', NULL, '<table><caption>Rendimiento por bote de 500 ML</caption><thead><tr><th>Diametro mm</th><th>Diametro pulgadas</th><th>Uniones</th></tr></thead><tbody><tr><td>13</td><td>1/2</td><td>200</td></tr><tr><td>19</td><td>3/4</td><td>125</td></tr><tr><td>25</td><td>1</td><td>110</td></tr><tr><td>32</td><td>1¼</td><td>75</td></tr><tr><td>38</td><td>1½</td><td>65</td></tr><tr><td>50</td><td>2</td><td>50</td></tr><tr><td>60</td><td>2½</td><td>40</td></tr><tr><td>75</td><td>3</td><td>35</td></tr><tr><td>100</td><td>4</td><td>20</td></tr><tr><td>150</td><td>6</td><td>10</td></tr></tbody></table>', 'Cemento solvente para tuberías de PVC de toda presión. Proporciona un sellado hermético y seguro, evitando fugas. Recomendado para instalaciones hidráulicas y sanitarias de alta exigencia.', 0.00, 0, NULL, 4, 1, 1, '2025-10-07 17:59:50', '2025-10-07 19:59:10', NULL, NULL),
(55, 'ARES DORADO BAJA PRESIÓN', NULL, '<table><caption>Rendimiento por bote de 500 ML</caption><thead><tr><th>Diametro mm</th><th>Diametro pulgadas</th><th>Uniones</th></tr></thead><tbody><tr><td>13</td><td>1/2</td><td>200</td></tr><tr><td>19</td><td>3/4</td><td>125</td></tr><tr><td>25</td><td>1</td><td>110</td></tr><tr><td>32</td><td>1¼</td><td>75</td></tr><tr><td>38</td><td>1½</td><td>65</td></tr><tr><td>50</td><td>2</td><td>50</td></tr><tr><td>60</td><td>2½</td><td>40</td></tr><tr><td>75</td><td>3</td><td>35</td></tr><tr><td>100</td><td>4</td><td>20</td></tr><tr><td>150</td><td>6</td><td>10</td></tr></tbody></table>', 'Adhesivo diseñado para sistemas de PVC de baja presión. Facilita uniones firmes y confiables en instalaciones domésticas o de riego. Su fórmula garantiza una aplicación rápida y uniforme.', 0.00, 0, NULL, 4, 1, 1, '2025-10-07 17:59:50', '2025-10-07 19:59:10', NULL, NULL),
(56, 'ARES VERDE TODA PRESIÓN', NULL, '<table><caption>Rendimiento por bote de 500 ML</caption><thead><tr><th>Diametro mm</th><th>Diametro pulgadas</th><th>Uniones</th></tr></thead><tbody><tr><td>13</td><td>1/2</td><td>200</td></tr><tr><td>19</td><td>3/4</td><td>125</td></tr><tr><td>25</td><td>1</td><td>110</td></tr><tr><td>32</td><td>1¼</td><td>75</td></tr><tr><td>38</td><td>1½</td><td>65</td></tr><tr><td>50</td><td>2</td><td>50</td></tr><tr><td>60</td><td>2½</td><td>40</td></tr><tr><td>75</td><td>3</td><td>35</td></tr><tr><td>100</td><td>4</td><td>20</td></tr><tr><td>150</td><td>6</td><td>10</td></tr></tbody></table>', 'Cemento solvente para tuberías y conexiones de PVC de toda presión. Asegura una unión fuerte y duradera, incluso en condiciones exigentes. Ideal para sistemas hidráulicos y sanitarios.', 0.00, 0, NULL, 4, 1, 1, '2025-10-07 17:59:50', '2025-10-07 19:59:10', NULL, NULL),
(57, 'LUBRICANTE ARES 500 ml', NULL, '<table><caption>Rendimiento por bote de 500 ML</caption><thead><tr><th>Diametro mm</th><th>Diametro pulgadas</th><th>Uniones</th></tr></thead><tbody><tr><td>13</td><td>1/2</td><td>200</td></tr><tr><td>19</td><td>3/4</td><td>125</td></tr><tr><td>25</td><td>1</td><td>110</td></tr><tr><td>32</td><td>1¼</td><td>75</td></tr><tr><td>38</td><td>1½</td><td>65</td></tr><tr><td>50</td><td>2</td><td>50</td></tr><tr><td>60</td><td>2½</td><td>40</td></tr><tr><td>75</td><td>3</td><td>35</td></tr><tr><td>100</td><td>4</td><td>20</td></tr><tr><td>150</td><td>6</td><td>10</td></tr></tbody></table>', 'Lubricante especializado para facilitar el ensamble de tuberías y conexiones hidráulicas. Reduce la fricción y protege las juntas, garantizando un montaje rápido y seguro. Presentación de 500 ml.', 0.00, 0, NULL, 4, 1, 1, '2025-10-07 17:59:50', '2025-10-07 19:59:10', NULL, NULL),
(58, 'LIMPIADOR ARES 500 ml', NULL, '<table><caption>Rendimiento por bote de 500 ML</caption><thead><tr><th>Diametro mm</th><th>Diametro pulgadas</th><th>Uniones</th></tr></thead><tbody><tr><td>13</td><td>1/2</td><td>200</td></tr><tr><td>19</td><td>3/4</td><td>125</td></tr><tr><td>25</td><td>1</td><td>110</td></tr><tr><td>32</td><td>1¼</td><td>75</td></tr><tr><td>38</td><td>1½</td><td>65</td></tr><tr><td>50</td><td>2</td><td>50</td></tr><tr><td>60</td><td>2½</td><td>40</td></tr><tr><td>75</td><td>3</td><td>35</td></tr><tr><td>100</td><td>4</td><td>20</td></tr><tr><td>150</td><td>6</td><td>10</td></tr></tbody></table>', 'Solución limpiadora para preparar superficies de PVC antes del cementado. Elimina grasa, polvo y residuos, mejorando la adherencia del adhesivo. Ideal para lograr uniones limpias y profesionales.', 0.00, 0, NULL, 4, 1, 1, '2025-10-07 17:59:50', '2025-10-07 19:59:10', NULL, NULL),
(89, 'CODO GALVANIZADO DE 90°', '<strong>Codo galvanizado 90°</strong><br>Cambio de dirección en sistemas de conducción', '<div class=\"tabla-container\"><div class=\"titulo-tabla\">TUBERÍA GALVANIZADA</div><table><thead><tr><th>DIÁMETRO pulgadas</th><th>DIÁMETRO milímetros</th></tr></thead><tbody><tr><td>½\"</td><td>13</td></tr><tr><td>¾\"</td><td>19</td></tr><tr><td>1\"</td><td>25</td></tr><tr><td>1 ¼\"</td><td>32</td></tr><tr><td>1 ½\"</td><td>38</td></tr><tr><td>2\"</td><td>50</td></tr><tr><td>2 ½\"</td><td>60</td></tr><tr><td>3\"</td><td>75</td></tr><tr><td>4\"</td><td>100</td></tr><tr><td>6\"</td><td>150</td></tr></tbody></table></div>', 'Acabado: Zinc por inmersión <br> Radio: Corto <br>  Presión máx: 150 PSI <br> Norma: ASTM A53', 0.00, 50, '', 8, 1, 1, '0000-00-00 00:00:00', '2025-10-09 23:53:48', 0, NULL),
(90, 'CODO GALVANIZADO DE 45°', '<strong>Codo galvanizado 45°</strong><br>Desviación suave en redes hidráulicas', '<div class=\"tabla-container\"><div class=\"titulo-tabla\">TUBERÍA GALVANIZADA</div><table><thead><tr><th>DIÁMETRO pulgadas</th><th>DIÁMETRO milímetros</th></tr></thead><tbody><tr><td>½\"</td><td>13</td></tr><tr><td>¾\"</td><td>19</td></tr><tr><td>1\"</td><td>25</td></tr><tr><td>1 ¼\"</td><td>32</td></tr><tr><td>1 ½\"</td><td>38</td></tr><tr><td>2\"</td><td>50</td></tr><tr><td>2 ½\"</td><td>60</td></tr><tr><td>3\"</td><td>75</td></tr><tr><td>4\"</td><td>100</td></tr><tr><td>6\"</td><td>150</td></tr></tbody></table></div>', 'Angulación: 45° exactos <br> Junta: Metal-metal <br> Aplicación: Reducción de turbulencia', 0.00, 50, '', 8, 1, 1, '0000-00-00 00:00:00', '2025-10-09 23:53:59', 0, NULL),
(91, 'TEE GALVANIZADA ROSCADA', '<strong>Tee roscada galvanizada</strong><br>Derivación en sistemas de distribución', '<div class=\"tabla-container\"><div class=\"titulo-tabla\">TUBERÍA GALVANIZADA</div><table><thead><tr><th>DIÁMETRO pulgadas</th><th>DIÁMETRO milímetros</th></tr></thead><tbody><tr><td>½\"</td><td>13</td></tr><tr><td>¾\"</td><td>19</td></tr><tr><td>1\"</td><td>25</td></tr><tr><td>1 ¼\"</td><td>32</td></tr><tr><td>1 ½\"</td><td>38</td></tr><tr><td>2\"</td><td>50</td></tr><tr><td>2 ½\"</td><td>60</td></tr><tr><td>3\"</td><td>75</td></tr><tr><td>4\"</td><td>100</td></tr><tr><td>6\"</td><td>150</td></tr></tbody></table></div>', 'Configuración: Igual o reducida <br>  Rosca: Cónica NPT <br>  Estanqueidad: Sin soldadura', 0.00, 50, '', 8, 1, 1, '0000-00-00 00:00:00', '2025-10-09 23:54:14', 0, NULL),
(92, 'TAPON MACHO ROSCADO', '<strong>Tapón macho roscado</strong><br>Cierre terminal para inspección', '<div class=\"tabla-container\"><div class=\"titulo-tabla\">TUBERÍA GALVANIZADA</div><table><thead><tr><th>DIÁMETRO pulgadas</th><th>DIÁMETRO milímetros</th></tr></thead><tbody><tr><td>½\"</td><td>13</td></tr><tr><td>¾\"</td><td>19</td></tr><tr><td>1\"</td><td>25</td></tr><tr><td>1 ¼\"</td><td>32</td></tr><tr><td>1 ½\"</td><td>38</td></tr><tr><td>2\"</td><td>50</td></tr><tr><td>2 ½\"</td><td>60</td></tr><tr><td>3\"</td><td>75</td></tr><tr><td>4\"</td><td>100</td></tr><tr><td>6\"</td><td>150</td></tr></tbody></table></div>', 'Tipo: Externo <br>  Sellado: Por contacto metal <br>  Reutilizable: Sí', 0.00, 50, '', 8, 1, 1, '0000-00-00 00:00:00', '2025-10-10 00:02:05', 0, NULL),
(93, 'TAPA ROSCADA', '<strong>Tapa roscada galvanizada</strong><br>Cierre interno para accesos', '<div class=\"tabla-container\"><div class=\"titulo-tabla\">TUBERÍA GALVANIZADA</div><table><thead><tr><th>DIÁMETRO pulgadas</th><th>DIÁMETRO milímetros</th></tr></thead><tbody><tr><td>½\"</td><td>13</td></tr><tr><td>¾\"</td><td>19</td></tr><tr><td>1\"</td><td>25</td></tr><tr><td>1 ¼\"</td><td>32</td></tr><tr><td>1 ½\"</td><td>38</td></tr><tr><td>2\"</td><td>50</td></tr><tr><td>2 ½\"</td><td>60</td></tr><tr><td>3\"</td><td>75</td></tr><tr><td>4\"</td><td>100</td></tr><tr><td>6\"</td><td>150</td></tr></tbody></table></div>', 'Tipo: Interno | Profundidad: Standard <br>  Acabado: Liso galvanizado', 0.00, 50, '', 8, 1, 1, '0000-00-00 00:00:00', '0000-00-00 00:00:00', 0, NULL),
(94, 'TUERCA UNION ROSCADA', '<strong>Tapa de unión roscada</strong><br>Punto de acceso desmontable', '<div class=\"tabla-container\"><div class=\"titulo-tabla\">TUBERÍA GALVANIZADA</div><table><thead><tr><th>DIÁMETRO pulgadas</th><th>DIÁMETRO milímetros</th></tr></thead><tbody><tr><td>½\"</td><td>13</td></tr><tr><td>¾\"</td><td>19</td></tr><tr><td>1\"</td><td>25</td></tr><tr><td>1 ¼\"</td><td>32</td></tr><tr><td>1 ½\"</td><td>38</td></tr><tr><td>2\"</td><td>50</td></tr><tr><td>2 ½\"</td><td>60</td></tr><tr><td>3\"</td><td>75</td></tr><tr><td>4\"</td><td>100</td></tr><tr><td>6\"</td><td>150</td></tr></tbody></table></div>', 'Sistema: Brida integrada <br>  Mantenimiento: Acceso rápido <br>  Junta: Mecánica', 0.00, 50, '', 8, 1, 1, '0000-00-00 00:00:00', '2025-10-10 00:02:23', 0, NULL),
(95, 'YEE ROSCADA', '<strong>Yee roscada galvanizada</strong><br>Derivación lateral en sistemas', '<div class=\"tabla-container\"><div class=\"titulo-tabla\">TUBERÍA GALVANIZADA</div><table><thead><tr><th>DIÁMETRO pulgadas</th><th>DIÁMETRO milímetros</th></tr></thead><tbody><tr><td>½\"</td><td>13</td></tr><tr><td>¾\"</td><td>19</td></tr><tr><td>1\"</td><td>25</td></tr><tr><td>1 ¼\"</td><td>32</td></tr><tr><td>1 ½\"</td><td>38</td></tr><tr><td>2\"</td><td>50</td></tr><tr><td>2 ½\"</td><td>60</td></tr><tr><td>3\"</td><td>75</td></tr><tr><td>4\"</td><td>100</td></tr><tr><td>6\"</td><td>150</td></tr></tbody></table></div>', 'Geometría: 45° lateral <br>  Flujo: Minimiza pérdida <br>  Aplicación: Drenajes', 0.00, 50, '', 8, 1, 1, '0000-00-00 00:00:00', '0000-00-00 00:00:00', 0, NULL),
(96, 'CRUZ ROSCADA', '<strong>Cruz roscada galvanizada</strong><br>Intersección completa en redes', '<div class=\"tabla-container\"><div class=\"titulo-tabla\">TUBERÍA GALVANIZADA</div><table><thead><tr><th>DIÁMETRO pulgadas</th><th>DIÁMETRO milímetros</th></tr></thead><tbody><tr><td>½\"</td><td>13</td></tr><tr><td>¾\"</td><td>19</td></tr><tr><td>1\"</td><td>25</td></tr><tr><td>1 ¼\"</td><td>32</td></tr><tr><td>1 ½\"</td><td>38</td></tr><tr><td>2\"</td><td>50</td></tr><tr><td>2 ½\"</td><td>60</td></tr><tr><td>3\"</td><td>75</td></tr><tr><td>4\"</td><td>100</td></tr><tr><td>6\"</td><td>150</td></tr></tbody></table></div>', 'Configuración: 4 vías <br>  Estructura: Refuerzo integrado <br>  Uso: Distribución múltiple', 0.00, 50, '', 8, 1, 1, '0000-00-00 00:00:00', '0000-00-00 00:00:00', 0, NULL),
(97, 'COPLE HM GALVANIZADO ROSCADO C-40', '<strong>Cople roscado galvanizado</strong><br>Extensión lineal en instalaciones', '<div class=\"tabla-container\"><div class=\"titulo-tabla\">TUBERÍA GALVANIZADA</div><table><thead><tr><th>DIÁMETRO pulgadas</th><th>DIÁMETRO milímetros</th></tr></thead><tbody><tr><td>½\"</td><td>13</td></tr><tr><td>¾\"</td><td>19</td></tr><tr><td>1\"</td><td>25</td></tr><tr><td>1 ¼\"</td><td>32</td></tr><tr><td>1 ½\"</td><td>38</td></tr><tr><td>2\"</td><td>50</td></tr><tr><td>2 ½\"</td><td>60</td></tr><tr><td>3\"</td><td>75</td></tr><tr><td>4\"</td><td>100</td></tr><tr><td>6\"</td><td>150</td></tr></tbody></table></div>', 'Función: Empalme recto <br>  Longitud: Standard <br>  Instalación: Sin preparación', 0.00, 50, '', 8, 1, 1, '0000-00-00 00:00:00', '2025-10-09 23:52:53', 0, NULL),
(98, 'COPLE LISO GALVANIZADO ROSCADO C-40', '<strong>Cople roscado galvanizado</strong><br>Extensión lineal en instalaciones', '<div class=\"tabla-container\"><div class=\"titulo-tabla\">TUBERÍA GALVANIZADA</div><table><thead><tr><th>DIÁMETRO pulgadas</th><th>DIÁMETRO milímetros</th></tr></thead><tbody><tr><td>½\"</td><td>13</td></tr><tr><td>¾\"</td><td>19</td></tr><tr><td>1\"</td><td>25</td></tr><tr><td>1 ¼\"</td><td>32</td></tr><tr><td>1 ½\"</td><td>38</td></tr><tr><td>2\"</td><td>50</td></tr><tr><td>2 ½\"</td><td>60</td></tr><tr><td>3\"</td><td>75</td></tr><tr><td>4\"</td><td>100</td></tr><tr><td>6\"</td><td>150</td></tr></tbody></table></div>', 'Función: Empalme recto <br>  Longitud: Standard <br>  Instalación: Sin preparación', 0.00, 50, '', 8, 1, 1, '0000-00-00 00:00:00', '2025-10-09 23:52:53', 0, NULL),
(99, 'REDUCCIONES BUSHING', 'Fabricada en acero con un acabado brushing galvanizado que ofrece una excelente resistencia a la corrosión y un aspecto profesional. Cumple con el estándar C-40 para garantizar la seguridad y durabilidad de tu instalación.', '<div class=\"tabla-container\"><div class=\"titulo-tabla\">TUBERÍA GALVANIZADA</div><table><thead><tr><th>DIÁMETRO pulgadas</th><th>DIÁMETRO milímetros</th></tr></thead><tbody><tr><td>½\"</td><td>13</td></tr><tr><td>¾\"</td><td>19</td></tr><tr><td>1\"</td><td>25</td></tr><tr><td>1 ¼\"</td><td>32</td></tr><tr><td>1 ½\"</td><td>38</td></tr><tr><td>2\"</td><td>50</td></tr><tr><td>2 ½\"</td><td>60</td></tr><tr><td>3\"</td><td>75</td></tr><tr><td>4\"</td><td>100</td></tr><tr><td>6\"</td><td>150</td></tr></tbody></table></div>', 'Norma:C-40<br>\r\nMaterial:Acabado Galvanizado Brushing <br> \r\nUso Interior y Exterior (gracias a su protección galvanizada)', 0.00, 50, '', 8, 1, 1, '2025-10-13 21:46:43', '2025-10-14 00:59:09', 0, NULL),
(100, 'REDUCCIONES CAMPANA', 'Conexión especializada para unir tubos conduit de diferentes diámetros de forma rápida y segura. Fabricada en acero con galvanizado anti-corrosivo.', '<div class=\"tabla-container\"><div class=\"titulo-tabla\">TUBERÍA GALVANIZADA</div><table><thead><tr><th>DIÁMETRO pulgadas</th><th>DIÁMETRO milímetros</th></tr></thead><tbody><tr><td>½\"</td><td>13</td></tr><tr><td>¾\"</td><td>19</td></tr><tr><td>1\"</td><td>25</td></tr><tr><td>1 ¼\"</td><td>32</td></tr><tr><td>1 ½\"</td><td>38</td></tr><tr><td>2\"</td><td>50</td></tr><tr><td>2 ½\"</td><td>60</td></tr><tr><td>3\"</td><td>75</td></tr><tr><td>4\"</td><td>100</td></tr><tr><td>6\"</td><td>150</td></tr></tbody></table></div>', 'Material: Acero de Alta Resistencia<br>\r\nUso Recomendado	Interior y Exterior', 0.00, 52, NULL, 8, 1, 1, '2025-10-13 21:50:35', '2025-10-13 23:43:18', 0, NULL),
(101, 'Niple Galvanizado ½\"', '<strong>NIPLE GALVANIZADO 1/2\"</strong><br>Conector roscado en ambos extremos, fabricado en acero galvanizado para máxima resistencia a la corrosión. Ideal para uniones en tuberías de agua, gas y sistemas de riego.', '<div class=\"tabla-container\"><div class=\"titulo-tabla\">TUBERÍA GALVANIZADA</div><table><thead><tr><th>DIÁMETRO pulgadas</th><th>DIÁMETRO milímetros</th></tr></thead><tbody><tr><td>½\"</td><td>13</td></tr><tr><td>¾\"</td><td>19</td></tr><tr><td>1\"</td><td>25</td></tr><tr><td>1 ¼\"</td><td>32</td></tr><tr><td>1 ½\"</td><td>38</td></tr><tr><td>2\"</td><td>50</td></tr><tr><td>2 ½\"</td><td>60</td></tr><tr><td>3\"</td><td>75</td></tr><tr><td>4\"</td><td>100</td></tr><tr><td>6\"</td><td>150</td></tr></tbody></table></div>', 'Material: Acero Galvanizado <br> Rosca: NPT Estándar <br> Presión Máxima: 150 PSI <br> Temperatura: -20°C a 120°C <br> Norma: ASTM A153', 5.50, 100, '', 8, 1, 1, '2025-10-13 23:37:41', '2025-10-14 17:54:07', 0, NULL);
INSERT INTO `productos` (`id`, `nombre`, `descripcion`, `tabla_med`, `especificaciones`, `precio`, `stock`, `imagen`, `categoria_id`, `requiere_medidas`, `activo`, `created_at`, `updated_at`, `descuento`, `Recomendaciones_id`) VALUES
(102, 'Niple Galvanizado ¾\"', '<strong>NIPLE GALVANIZADO 3/4\"</strong><br>Conector de acero galvanizado de uso universal, proporciona durabilidad y resistencia en instalaciones hidráulicas y neumáticas. Excelente para conexiones en sistemas de presión.', '<div class=\"tabla-container\"><div class=\"titulo-tabla\">TUBERÍA GALVANIZADA</div><table><thead><tr><th>DIÁMETRO pulgadas</th><th>DIÁMETRO milímetros</th></tr></thead><tbody><tr><td>½\"</td><td>13</td></tr><tr><td>¾\"</td><td>19</td></tr><tr><td>1\"</td><td>25</td></tr><tr><td>1 ¼\"</td><td>32</td></tr><tr><td>1 ½\"</td><td>38</td></tr><tr><td>2\"</td><td>50</td></tr><tr><td>2 ½\"</td><td>60</td></tr><tr><td>3\"</td><td>75</td></tr><tr><td>4\"</td><td>100</td></tr><tr><td>6\"</td><td>150</td></tr></tbody></table></div>', 'Material: Acero Galvanizado <br> Rosca: NPT Estándar <br> Presión Máxima: 150 PSI <br> Aplicación: Agua, Aire, Gas <br> Norma: ASTM A153', 7.80, 85, '', 8, 1, 1, '2025-10-13 23:37:41', '2025-10-14 17:54:15', 0, NULL),
(103, 'Niple Galvanizado 1\"', '<strong>NIPLE GALVANIZADO 1\"</strong><br>Conector robusto para tuberías de mayor diámetro, fabricado en acero de alta resistencia con galvanizado por inmersión en caliente. Perfecto para sistemas industriales.', '<div class=\"tabla-container\"><div class=\"titulo-tabla\">TUBERÍA GALVANIZADA</div><table><thead><tr><th>DIÁMETRO pulgadas</th><th>DIÁMETRO milímetros</th></tr></thead><tbody><tr><td>½\"</td><td>13</td></tr><tr><td>¾\"</td><td>19</td></tr><tr><td>1\"</td><td>25</td></tr><tr><td>1 ¼\"</td><td>32</td></tr><tr><td>1 ½\"</td><td>38</td></tr><tr><td>2\"</td><td>50</td></tr><tr><td>2 ½\"</td><td>60</td></tr><tr><td>3\"</td><td>75</td></tr><tr><td>4\"</td><td>100</td></tr><tr><td>6\"</td><td>150</td></tr></tbody></table></div>', 'Material: Acero Galvanizado <br> Rosca: NPT Estándar <br> Presión Máxima: 150 PSI <br> Galvanizado: Inmersión en Caliente <br> Norma: ASTM A153', 12.50, 70, '', 8, 1, 1, '2025-10-13 23:37:41', '2025-10-14 00:37:49', 0, NULL),
(104, 'Niple Galvanizado 1 ¼\"', '<strong>NIPLE GALVANIZADO 1 1/4\"</strong><br>Conector para aplicaciones industriales y comerciales, diseñado para soportar altas presiones y condiciones corrosivas. Ideal para plantas de proceso.', '<div class=\"tabla-container\"><div class=\"titulo-tabla\">TUBERÍA GALVANIZADA</div><table><thead><tr><th>DIÁMETRO pulgadas</th><th>DIÁMETRO milímetros</th></tr></thead><tbody><tr><td>½\"</td><td>13</td></tr><tr><td>¾\"</td><td>19</td></tr><tr><td>1\"</td><td>25</td></tr><tr><td>1 ¼\"</td><td>32</td></tr><tr><td>1 ½\"</td><td>38</td></tr><tr><td>2\"</td><td>50</td></tr><tr><td>2 ½\"</td><td>60</td></tr><tr><td>3\"</td><td>75</td></tr><tr><td>4\"</td><td>100</td></tr><tr><td>6\"</td><td>150</td></tr></tbody></table></div>', 'Material: Acero Galvanizado <br> Rosca: NPT Estándar <br> Presión Máxima: 150 PSI <br> Uso: Industrial/Comercial <br> Norma: ASTM A153', 18.20, 60, '', 8, 1, 1, '2025-10-13 23:37:41', '2025-10-14 17:54:39', 0, NULL),
(105, 'Niple Galvanizado 1 ½\"', '<strong>NIPLE GALVANIZADO 1 1/2\"</strong><br>Conector de alta resistencia para sistemas de bombeo y distribución de fluidos. Galvanizado pesado para protección contra corrosión en exteriores.', '<div class=\"tabla-container\"><div class=\"titulo-tabla\">TUBERÍA GALVANIZADA</div><table><thead><tr><th>DIÁMETRO pulgadas</th><th>DIÁMETRO milímetros</th></tr></thead><tbody><tr><td>½\"</td><td>13</td></tr><tr><td>¾\"</td><td>19</td></tr><tr><td>1\"</td><td>25</td></tr><tr><td>1 ¼\"</td><td>32</td></tr><tr><td>1 ½\"</td><td>38</td></tr><tr><td>2\"</td><td>50</td></tr><tr><td>2 ½\"</td><td>60</td></tr><tr><td>3\"</td><td>75</td></tr><tr><td>4\"</td><td>100</td></tr><tr><td>6\"</td><td>150</td></tr></tbody></table></div>', 'Material: Acero Galvanizado <br> Rosca: NPT Estándar <br> Presión Máxima: 150 PSI <br> Aplicación: Bombeo y Distribución <br> Norma: ASTM A153', 22.80, 55, '', 8, 1, 1, '2025-10-13 23:37:41', '2025-10-14 17:54:50', 0, NULL),
(106, 'Niple Galvanizado 2\"', '<strong>NIPLE GALVANIZADO 2\"</strong><br>Conector para sistemas de alta capacidad, utilizado en redes principales de agua y sistemas de riego agrícola. Máxima durabilidad garantizada.', '<div class=\"tabla-container\"><div class=\"titulo-tabla\">TUBERÍA GALVANIZADA</div><table><thead><tr><th>DIÁMETRO pulgadas</th><th>DIÁMETRO milímetros</th></tr></thead><tbody><tr><td>½\"</td><td>13</td></tr><tr><td>¾\"</td><td>19</td></tr><tr><td>1\"</td><td>25</td></tr><tr><td>1 ¼\"</td><td>32</td></tr><tr><td>1 ½\"</td><td>38</td></tr><tr><td>2\"</td><td>50</td></tr><tr><td>2 ½\"</td><td>60</td></tr><tr><td>3\"</td><td>75</td></tr><tr><td>4\"</td><td>100</td></tr><tr><td>6\"</td><td>150</td></tr></tbody></table></div>', 'Material: Acero Galvanizado <br> Rosca: NPT Estándar <br> Presión Máxima: 150 PSI <br> Uso: Redes Principales <br> Norma: ASTM A153', 35.50, 45, '', 8, 1, 1, '2025-10-13 23:37:41', '2025-10-14 00:38:01', 0, NULL),
(107, 'Niple Galvanizado 2 ½\"', '<strong>NIPLE GALVANIZADO 2 1/2\"</strong><br>Conector industrial para aplicaciones de gran caudal, fabricado bajo estrictos controles de calidad. Resistente a impactos y vibraciones.', '<div class=\"tabla-container\"><div class=\"titulo-tabla\">TUBERÍA GALVANIZADA</div><table><thead><tr><th>DIÁMETRO pulgadas</th><th>DIÁMETRO milímetros</th></tr></thead><tbody><tr><td>½\"</td><td>13</td></tr><tr><td>¾\"</td><td>19</td></tr><tr><td>1\"</td><td>25</td></tr><tr><td>1 ¼\"</td><td>32</td></tr><tr><td>1 ½\"</td><td>38</td></tr><tr><td>2\"</td><td>50</td></tr><tr><td>2 ½\"</td><td>60</td></tr><tr><td>3\"</td><td>75</td></tr><tr><td>4\"</td><td>100</td></tr><tr><td>6\"</td><td>150</td></tr></tbody></table></div>', 'Material: Acero Galvanizado <br> Rosca: NPT Estándar <br> Presión Máxima: 125 PSI <br> Aplicación: Industrial Pesado <br> Norma: ASTM A153', 48.90, 35, '', 8, 1, 1, '2025-10-13 23:37:41', '2025-10-14 17:55:01', 0, NULL),
(108, 'Niple Galvanizado 3\"', '<strong>NIPLE GALVANIZADO 3\"</strong><br>Conector de gran diámetro para sistemas municipales e industriales. Diseñado para soportar condiciones extremas y cargas pesadas continuas.', '<div class=\"tabla-container\"><div class=\"titulo-tabla\">TUBERÍA GALVANIZADA</div><table><thead><tr><th>DIÁMETRO pulgadas</th><th>DIÁMETRO milímetros</th></tr></thead><tbody><tr><td>½\"</td><td>13</td></tr><tr><td>¾\"</td><td>19</td></tr><tr><td>1\"</td><td>25</td></tr><tr><td>1 ¼\"</td><td>32</td></tr><tr><td>1 ½\"</td><td>38</td></tr><tr><td>2\"</td><td>50</td></tr><tr><td>2 ½\"</td><td>60</td></tr><tr><td>3\"</td><td>75</td></tr><tr><td>4\"</td><td>100</td></tr><tr><td>6\"</td><td>150</td></tr></tbody></table></div>', 'Material: Acero Galvanizado <br> Rosca: NPT Estándar <br> Presión Máxima: 125 PSI <br> Uso: Municipal/Industrial <br> Norma: ASTM A153', 65.20, 30, '', 8, 1, 1, '2025-10-13 23:37:41', '2025-10-14 00:38:10', 0, NULL),
(109, 'Niple Galvanizado 4\"', '<strong>NIPLE GALVANIZADO 4\"</strong><br>Conector de máxima capacidad para sistemas de distribución principal. Fabricado con los más altos estándares de calidad para aplicaciones críticas.', '<div class=\"tabla-container\"><div class=\"titulo-tabla\">TUBERÍA GALVANIZADA</div><table><thead><tr><th>DIÁMETRO pulgadas</th><th>DIÁMETRO milímetros</th></tr></thead><tbody><tr><td>½\"</td><td>13</td></tr><tr><td>¾\"</td><td>19</td></tr><tr><td>1\"</td><td>25</td></tr><tr><td>1 ¼\"</td><td>32</td></tr><tr><td>1 ½\"</td><td>38</td></tr><tr><td>2\"</td><td>50</td></tr><tr><td>2 ½\"</td><td>60</td></tr><tr><td>3\"</td><td>75</td></tr><tr><td>4\"</td><td>100</td></tr><tr><td>6\"</td><td>150</td></tr></tbody></table></div>', 'Material: Acero Galvanizado <br> Rosca: NPT Estándar <br> Presión Máxima: 100 PSI <br> Aplicación: Distribución Principal <br> Norma: ASTM A153', 95.80, 25, '', 8, 1, 1, '2025-10-13 23:37:41', '2025-10-14 00:38:13', 0, NULL),
(110, 'Sifón para Manómetro Cola de Cochino', '<strong>SIFÓN PARA MANÓMETRO COLA DE COCHINO</strong><br>Accesorio esencial para proteger manómetros y instrumentos de medición de presión. Diseñado con forma de \"U\" para crear un sello de líquido que evita daños por golpe de ariete, temperaturas extremas y vibraciones.', '<div class=\"tabla-container\"><div class=\"titulo-tabla\">SIFÓN PARA MANÓMETRO</div><table><thead><tr><th>DIÁMETRO pulgadas</th><th>DIÁMETRO milímetros</th><th>MATERIAL</th></tr></thead><tbody><tr><td>½\"</td><td>13</td><td>Acero Inoxidable</td></tr><tr><td>¾\"</td><td>19</td><td>Acero Inoxidable</td></tr><tr><td>1\"</td><td>25</td><td>Acero Inoxidable</td></tr><tr><td>1 ¼\"</td><td>32</td><td>Acero Inoxidable</td></tr><tr><td>1 ½\"</td><td>38</td><td>Acero Inoxidable</td></tr><tr><td>2\"</td><td>50</td><td>Acero Inoxidable</td></tr></tbody></table><div class=\"info-extra\">Forma: Cola de Cochino (U) - Incluye roscas NPT</div></div>', 'Material: Acero Inoxidable 304 <br> Rosca: NPT Estándar <br> Presión Máxima: 300 PSI <br> Temperatura: -40°C a 400°C <br> Aplicación: Protección de Manómetros <br> Norma: ASTM A269', 45.50, 30, '', 8, 0, 1, '2025-10-14 00:46:07', '2025-10-14 00:46:51', 0, NULL);

-- --------------------------------------------------------

--
-- Table structure for table `productos_medidas`
--

CREATE TABLE `productos_medidas` (
  `id` int(11) NOT NULL,
  `producto_id` int(11) NOT NULL,
  `categoria_id` int(11) NOT NULL DEFAULT 0,
  `medida_id` varchar(100) NOT NULL,
  `stock_m` int(11) DEFAULT 0,
  `precio_m` decimal(10,2) NOT NULL,
  `descuento_m` decimal(5,2) DEFAULT 0.00
) ENGINE=InnoDB DEFAULT CHARSET=utf8mb4 COLLATE=utf8mb4_unicode_ci;

--
-- Dumping data for table `productos_medidas`
--

INSERT INTO `productos_medidas` (`id`, `producto_id`, `categoria_id`, `medida_id`, `stock_m`, `precio_m`, `descuento_m`) VALUES
(1, 1, 1, '½\"', 5, 5.00, 0.00),
(2, 1, 1, '¾\"', 8, 9.00, 30.00),
(3, 1, 1, '1\"', 22, 15.00, 0.00),
(4, 1, 1, '2\"', 10, 17.00, 0.00),
(5, 1, 1, '1 ½\"', 16, 25.00, 10.00),
(6, 1, 1, '1 ¼\"', 0, 22.00, 17.00),
(7, 2, 1, '½\"', 0, 0.00, 0.00),
(8, 2, 1, '¾\"', 0, 0.00, 0.00),
(9, 2, 1, '1\"', 0, 0.00, 0.00),
(10, 2, 1, '2\"', 0, 0.00, 0.00),
(11, 2, 1, '1 ¼\"', 0, 0.00, 0.00),
(12, 2, 1, '1 ½\"', 0, 0.00, 0.00),
(13, 3, 1, '½\"', 0, 0.00, 0.00),
(14, 3, 1, '¾\"', 0, 0.00, 0.00),
(15, 3, 1, '1\"', 0, 0.00, 0.00),
(16, 3, 1, '2\"', 0, 0.00, 0.00),
(17, 3, 1, '1 ½\"', 0, 0.00, 0.00),
(18, 3, 1, '1 ¼\"', 0, 0.00, 0.00),
(19, 4, 1, '½\"', 0, 0.00, 0.00),
(20, 4, 1, '¾\"', 0, 0.00, 0.00),
(21, 4, 1, '1\"', 0, 0.00, 0.00),
(22, 4, 1, '2\"', 0, 0.00, 0.00),
(23, 4, 1, '1 ¼\"', 0, 0.00, 0.00),
(24, 4, 1, '1 ½\"', 0, 0.00, 0.00),
(25, 5, 1, '½\"', 0, 0.00, 0.00),
(26, 5, 1, '¾\"', 0, 0.00, 0.00),
(27, 5, 1, '1\"', 0, 0.00, 0.00),
(28, 5, 1, '2\"', 0, 0.00, 0.00),
(29, 5, 1, '1 ½\"', 0, 0.00, 0.00),
(30, 5, 1, '1 ¼\"', 0, 0.00, 0.00),
(31, 6, 1, '½\"', 0, 0.00, 0.00),
(32, 6, 1, '¾\"', 0, 0.00, 0.00),
(33, 6, 1, '1\"', 0, 0.00, 0.00),
(34, 6, 1, '2\"', 0, 0.00, 0.00),
(35, 6, 1, '1 ½\"', 0, 0.00, 0.00),
(36, 6, 1, '1 ¼\"', 0, 0.00, 0.00),
(37, 7, 1, '½\"', 0, 0.00, 0.00),
(38, 7, 1, '¾\"', 0, 0.00, 0.00),
(39, 7, 1, '1\"', 0, 0.00, 0.00),
(40, 7, 1, '2\"', 0, 0.00, 0.00),
(41, 7, 1, '1 ¼\"', 0, 0.00, 0.00),
(42, 7, 1, '1 ½\"', 0, 0.00, 0.00),
(43, 8, 1, '½\"', 0, 0.00, 0.00),
(44, 8, 1, '¾\"', 0, 0.00, 0.00),
(45, 8, 1, '1\"', 0, 0.00, 0.00),
(46, 8, 1, '2\"', 0, 0.00, 0.00),
(47, 8, 1, '1 ½\"', 0, 0.00, 0.00),
(48, 8, 1, '1 ¼\"', 0, 0.00, 0.00),
(49, 9, 1, '½\"', 0, 0.00, 0.00),
(50, 9, 1, '¾\"', 0, 0.00, 0.00),
(51, 9, 1, '1\"', 0, 0.00, 0.00),
(52, 9, 1, '2\"', 0, 0.00, 0.00),
(53, 9, 1, '1 ½\"', 0, 0.00, 0.00),
(54, 9, 1, '1 ¼\"', 0, 0.00, 0.00),
(55, 10, 1, '½\"', 0, 0.00, 0.00),
(56, 10, 1, '¾\"', 0, 0.00, 0.00),
(57, 10, 1, '1\"', 0, 0.00, 0.00),
(58, 10, 1, '2\"', 0, 0.00, 0.00),
(59, 10, 1, '1 ¼\"', 0, 0.00, 0.00),
(60, 10, 1, '1 ½\"', 0, 0.00, 0.00),
(61, 11, 1, '½\"', 0, 0.00, 0.00),
(62, 11, 1, '¾\"', 0, 0.00, 0.00),
(63, 11, 1, '1\"', 0, 0.00, 0.00),
(64, 11, 1, '2\"', 0, 0.00, 0.00),
(65, 11, 1, '1 ½\"', 0, 0.00, 0.00),
(66, 11, 1, '1 ¼\"', 0, 0.00, 0.00),
(67, 12, 1, '½\"', 0, 0.00, 0.00),
(68, 12, 1, '¾\"', 0, 0.00, 0.00),
(69, 12, 1, '1\"', 0, 0.00, 0.00),
(70, 12, 1, '2\"', 0, 0.00, 0.00),
(71, 12, 1, '1 ¼\"', 0, 0.00, 0.00),
(72, 12, 1, '1 ½\"', 0, 0.00, 0.00),
(73, 14, 1, '½\"', 0, 0.00, 0.00),
(74, 14, 1, '¾\"', 0, 0.00, 0.00),
(75, 14, 1, '1\"', 0, 0.00, 0.00),
(76, 14, 1, '2\"', 0, 0.00, 0.00),
(77, 14, 1, '1 ½\"', 0, 0.00, 0.00),
(78, 14, 1, '1 ¼\"', 0, 0.00, 0.00),
(79, 15, 1, '½\"', 0, 0.00, 0.00),
(80, 15, 1, '¾\"', 0, 0.00, 0.00),
(81, 15, 1, '1\"', 0, 0.00, 0.00),
(82, 15, 1, '2\"', 0, 0.00, 0.00),
(83, 15, 1, '1 ½\"', 0, 0.00, 0.00),
(84, 15, 1, '1 ¼\"', 0, 0.00, 0.00),
(85, 16, 1, '½\"', 0, 0.00, 0.00),
(86, 16, 1, '¾\"', 0, 0.00, 0.00),
(87, 16, 1, '1\"', 0, 0.00, 0.00),
(88, 16, 1, '2\"', 0, 0.00, 0.00),
(89, 16, 1, '1 ¼\"', 0, 0.00, 0.00),
(90, 16, 1, '1 ½\"', 0, 0.00, 0.00),
(91, 53, 4, '1\"', 3, 2.00, 5.00),
(92, 53, 4, '½\"', 3, 2.00, 5.00),
(93, 53, 4, '10\"', 3, 2.00, 5.00),
(94, 53, 4, '1½\"', 3, 2.00, 5.00),
(95, 53, 4, '1¼\"', 3, 2.00, 5.00),
(96, 53, 4, '12\"', 3, 2.00, 5.00),
(97, 53, 4, '2\"', 3, 2.00, 5.00),
(98, 53, 4, '2½\"', 3, 2.00, 5.00),
(99, 53, 4, '3\"', 3, 2.00, 5.00),
(100, 53, 4, '¾\"', 3, 2.00, 5.00),
(101, 53, 4, '4\"', 3, 2.00, 5.00),
(102, 53, 4, '6\"', 3, 2.00, 5.00),
(103, 53, 4, '8\"', 3, 2.00, 5.00),
(104, 54, 4, '1\"', 3, 2.00, 5.00),
(105, 54, 4, '½\"', 3, 2.00, 5.00),
(106, 54, 4, '10\"', 3, 2.00, 5.00),
(107, 54, 4, '1½\"', 3, 2.00, 5.00),
(108, 54, 4, '1¼\"', 3, 2.00, 5.00),
(109, 54, 4, '12\"', 3, 2.00, 5.00),
(110, 54, 4, '2\"', 3, 2.00, 5.00),
(111, 54, 4, '2½\"', 3, 2.00, 5.00),
(112, 54, 4, '3\"', 3, 2.00, 5.00),
(113, 54, 4, '¾\"', 3, 2.00, 5.00),
(114, 54, 4, '4\"', 3, 2.00, 5.00),
(115, 54, 4, '6\"', 3, 2.00, 5.00),
(116, 54, 4, '8\"', 3, 2.00, 5.00),
(117, 55, 4, '1\"', 3, 2.00, 5.00),
(118, 55, 4, '½\"', 3, 2.00, 5.00),
(119, 55, 4, '10\"', 3, 2.00, 5.00),
(120, 55, 4, '1½\"', 3, 2.00, 5.00),
(121, 55, 4, '1¼\"', 3, 2.00, 5.00),
(122, 55, 4, '12\"', 3, 2.00, 5.00),
(123, 55, 4, '2\"', 3, 2.00, 5.00),
(124, 55, 4, '2½\"', 3, 2.00, 5.00),
(125, 55, 4, '3\"', 3, 2.00, 5.00),
(126, 55, 4, '¾\"', 3, 2.00, 5.00),
(127, 55, 4, '4\"', 3, 2.00, 5.00),
(128, 55, 4, '6\"', 3, 2.00, 5.00),
(129, 55, 4, '8\"', 3, 2.00, 5.00),
(130, 56, 4, '1\"', 3, 2.00, 5.00),
(131, 56, 4, '½\"', 3, 2.00, 5.00),
(132, 56, 4, '10\"', 3, 2.00, 5.00),
(133, 56, 4, '1½\"', 3, 2.00, 5.00),
(134, 56, 4, '1¼\"', 3, 2.00, 5.00),
(135, 56, 4, '12\"', 3, 2.00, 5.00),
(136, 56, 4, '2\"', 3, 2.00, 5.00),
(137, 56, 4, '2½\"', 3, 2.00, 5.00),
(138, 56, 4, '3\"', 3, 2.00, 5.00),
(139, 56, 4, '¾\"', 3, 2.00, 5.00),
(140, 56, 4, '4\"', 3, 2.00, 5.00),
(141, 56, 4, '6\"', 3, 2.00, 5.00),
(142, 56, 4, '8\"', 3, 2.00, 5.00),
(143, 57, 4, '1\"', 3, 2.00, 5.00),
(144, 57, 4, '½\"', 3, 2.00, 5.00),
(145, 57, 4, '10\"', 3, 2.00, 5.00),
(146, 57, 4, '1½\"', 3, 2.00, 5.00),
(147, 57, 4, '1¼\"', 3, 2.00, 5.00),
(148, 57, 4, '12\"', 3, 2.00, 5.00),
(149, 57, 4, '2\"', 3, 2.00, 5.00),
(150, 57, 4, '2½\"', 3, 2.00, 5.00),
(151, 57, 4, '3\"', 3, 2.00, 5.00),
(152, 57, 4, '¾\"', 3, 2.00, 5.00),
(153, 57, 4, '4\"', 3, 2.00, 5.00),
(154, 57, 4, '6\"', 3, 2.00, 5.00),
(155, 57, 4, '8\"', 3, 2.00, 5.00),
(156, 58, 4, '1\"', 3, 2.00, 5.00),
(157, 58, 4, '½\"', 3, 2.00, 5.00),
(158, 58, 4, '10\"', 3, 2.00, 5.00),
(159, 58, 4, '1½\"', 3, 2.00, 5.00),
(160, 58, 4, '1¼\"', 3, 2.00, 5.00),
(161, 58, 4, '12\"', 3, 2.00, 5.00),
(162, 58, 4, '2\"', 3, 2.00, 5.00),
(163, 58, 4, '2½\"', 3, 2.00, 5.00),
(164, 58, 4, '3\"', 3, 2.00, 5.00),
(165, 58, 4, '¾\"', 3, 2.00, 5.00),
(166, 58, 4, '4\"', 3, 2.00, 5.00),
(167, 58, 4, '6\"', 3, 2.00, 5.00),
(168, 58, 4, '8\"', 3, 2.00, 5.00),
(169, 35, 4, '1\"', 3, 2.00, 5.00),
(170, 35, 4, '½\"', 3, 2.00, 5.00),
(171, 35, 4, '10\"', 3, 2.00, 5.00),
(172, 35, 4, '1½\"', 3, 2.00, 5.00),
(173, 35, 4, '1¼\"', 3, 2.00, 5.00),
(174, 35, 4, '12\"', 3, 2.00, 5.00),
(175, 35, 4, '2\"', 3, 2.00, 5.00),
(176, 35, 4, '2½\"', 3, 2.00, 5.00),
(177, 35, 4, '3\"', 3, 2.00, 5.00),
(178, 35, 4, '¾\"', 3, 2.00, 5.00),
(179, 35, 4, '4\"', 3, 2.00, 5.00),
(180, 35, 4, '6\"', 3, 2.00, 5.00),
(181, 35, 4, '8\"', 3, 2.00, 5.00),
(182, 36, 4, '1\"', 3, 2.00, 5.00),
(183, 36, 4, '½\"', 3, 2.00, 5.00),
(184, 36, 4, '10\"', 3, 2.00, 5.00),
(185, 36, 4, '1½\"', 3, 2.00, 5.00),
(186, 36, 4, '1¼\"', 3, 2.00, 5.00),
(187, 36, 4, '12\"', 3, 2.00, 5.00),
(188, 36, 4, '2\"', 3, 2.00, 5.00),
(189, 36, 4, '2½\"', 3, 2.00, 5.00),
(190, 36, 4, '3\"', 3, 2.00, 5.00),
(191, 36, 4, '¾\"', 3, 2.00, 5.00),
(192, 36, 4, '4\"', 3, 2.00, 5.00),
(193, 36, 4, '6\"', 3, 2.00, 5.00),
(194, 36, 4, '8\"', 3, 2.00, 5.00),
(195, 37, 4, '1\"', 3, 2.00, 5.00),
(196, 37, 4, '½\"', 3, 2.00, 5.00),
(197, 37, 4, '10\"', 3, 2.00, 5.00),
(198, 37, 4, '1½\"', 3, 2.00, 5.00),
(199, 37, 4, '1¼\"', 3, 2.00, 5.00),
(200, 37, 4, '12\"', 3, 2.00, 5.00),
(201, 37, 4, '2\"', 3, 2.00, 5.00),
(202, 37, 4, '2½\"', 3, 2.00, 5.00),
(203, 37, 4, '3\"', 3, 2.00, 5.00),
(204, 37, 4, '¾\"', 3, 2.00, 5.00),
(205, 37, 4, '4\"', 3, 2.00, 5.00),
(206, 37, 4, '6\"', 3, 2.00, 5.00),
(207, 37, 4, '8\"', 3, 2.00, 5.00),
(208, 38, 4, '1\"', 3, 2.00, 5.00),
(209, 38, 4, '½\"', 3, 2.00, 5.00),
(210, 38, 4, '10\"', 3, 2.00, 5.00),
(211, 38, 4, '1½\"', 3, 2.00, 5.00),
(212, 38, 4, '1¼\"', 3, 2.00, 5.00),
(213, 38, 4, '12\"', 3, 2.00, 5.00),
(214, 38, 4, '2\"', 3, 2.00, 5.00),
(215, 38, 4, '2½\"', 3, 2.00, 5.00),
(216, 38, 4, '3\"', 3, 2.00, 5.00),
(217, 38, 4, '¾\"', 3, 2.00, 5.00),
(218, 38, 4, '4\"', 3, 2.00, 5.00),
(219, 38, 4, '6\"', 3, 2.00, 5.00),
(220, 38, 4, '8\"', 3, 2.00, 5.00),
(221, 39, 4, '1\"', 3, 2.00, 5.00),
(222, 39, 4, '½\"', 3, 2.00, 5.00),
(223, 39, 4, '10\"', 3, 2.00, 5.00),
(224, 39, 4, '1½\"', 3, 2.00, 5.00),
(225, 39, 4, '1¼\"', 3, 2.00, 5.00),
(226, 39, 4, '12\"', 3, 2.00, 5.00),
(227, 39, 4, '2\"', 3, 2.00, 5.00),
(228, 39, 4, '2½\"', 3, 2.00, 5.00),
(229, 39, 4, '3\"', 3, 2.00, 5.00),
(230, 39, 4, '¾\"', 3, 2.00, 5.00),
(231, 39, 4, '4\"', 3, 2.00, 5.00),
(232, 39, 4, '6\"', 3, 2.00, 5.00),
(233, 39, 4, '8\"', 3, 2.00, 5.00),
(234, 40, 4, '1\"', 3, 2.00, 5.00),
(235, 40, 4, '½\"', 3, 2.00, 5.00),
(236, 40, 4, '10\"', 3, 2.00, 5.00),
(237, 40, 4, '1½\"', 3, 2.00, 5.00),
(238, 40, 4, '1¼\"', 3, 2.00, 5.00),
(239, 40, 4, '12\"', 3, 2.00, 5.00),
(240, 40, 4, '2\"', 3, 2.00, 5.00),
(241, 40, 4, '2½\"', 3, 2.00, 5.00),
(242, 40, 4, '3\"', 3, 2.00, 5.00),
(243, 40, 4, '¾\"', 3, 2.00, 5.00),
(244, 40, 4, '4\"', 3, 2.00, 5.00),
(245, 40, 4, '6\"', 3, 2.00, 5.00),
(246, 40, 4, '8\"', 3, 2.00, 5.00),
(247, 41, 4, '1\"', 3, 2.00, 5.00),
(248, 41, 4, '½\"', 3, 2.00, 5.00),
(249, 41, 4, '10\"', 3, 2.00, 5.00),
(250, 41, 4, '1½\"', 3, 2.00, 5.00),
(251, 41, 4, '1¼\"', 3, 2.00, 5.00),
(252, 41, 4, '12\"', 3, 2.00, 5.00),
(253, 41, 4, '2\"', 3, 2.00, 5.00),
(254, 41, 4, '2½\"', 3, 2.00, 5.00),
(255, 41, 4, '3\"', 3, 2.00, 5.00),
(256, 41, 4, '¾\"', 3, 2.00, 5.00),
(257, 41, 4, '4\"', 3, 2.00, 5.00),
(258, 41, 4, '6\"', 3, 2.00, 5.00),
(259, 41, 4, '8\"', 3, 2.00, 5.00),
(260, 42, 4, '1\"', 3, 2.00, 5.00),
(261, 42, 4, '½\"', 3, 2.00, 5.00),
(262, 42, 4, '10\"', 3, 2.00, 5.00),
(263, 42, 4, '1½\"', 3, 2.00, 5.00),
(264, 42, 4, '1¼\"', 3, 2.00, 5.00),
(265, 42, 4, '12\"', 3, 2.00, 5.00),
(266, 42, 4, '2\"', 3, 2.00, 5.00),
(267, 42, 4, '2½\"', 3, 2.00, 5.00),
(268, 42, 4, '3\"', 3, 2.00, 5.00),
(269, 42, 4, '¾\"', 3, 2.00, 5.00),
(270, 42, 4, '4\"', 3, 2.00, 5.00),
(271, 42, 4, '6\"', 3, 2.00, 5.00),
(272, 42, 4, '8\"', 3, 2.00, 5.00),
(273, 43, 4, '1\"', 3, 2.00, 5.00),
(274, 43, 4, '½\"', 3, 2.00, 5.00),
(275, 43, 4, '10\"', 3, 2.00, 5.00),
(276, 43, 4, '1½\"', 3, 2.00, 5.00),
(277, 43, 4, '1¼\"', 3, 2.00, 5.00),
(278, 43, 4, '12\"', 3, 2.00, 5.00),
(279, 43, 4, '2\"', 3, 2.00, 5.00),
(280, 43, 4, '2½\"', 3, 2.00, 5.00),
(281, 43, 4, '3\"', 3, 2.00, 5.00),
(282, 43, 4, '¾\"', 3, 2.00, 5.00),
(283, 43, 4, '4\"', 3, 2.00, 5.00),
(284, 43, 4, '6\"', 3, 2.00, 5.00),
(285, 43, 4, '8\"', 3, 2.00, 5.00),
(286, 45, 4, '1\"', 3, 2.00, 5.00),
(287, 45, 4, '½\"', 3, 2.00, 5.00),
(288, 45, 4, '10\"', 3, 2.00, 5.00),
(289, 45, 4, '1½\"', 3, 2.00, 5.00),
(290, 45, 4, '1¼\"', 3, 2.00, 5.00),
(291, 45, 4, '12\"', 3, 2.00, 5.00),
(292, 45, 4, '2\"', 3, 2.00, 5.00),
(293, 45, 4, '2½\"', 3, 2.00, 5.00),
(294, 45, 4, '3\"', 3, 2.00, 5.00),
(295, 45, 4, '¾\"', 3, 2.00, 5.00),
(296, 45, 4, '4\"', 3, 2.00, 5.00),
(297, 45, 4, '6\"', 3, 2.00, 5.00),
(298, 45, 4, '8\"', 3, 2.00, 5.00),
(299, 46, 4, '1\"', 3, 2.00, 5.00),
(300, 46, 4, '½\"', 3, 2.00, 5.00),
(301, 46, 4, '10\"', 3, 2.00, 5.00),
(302, 46, 4, '1½\"', 3, 2.00, 5.00),
(303, 46, 4, '1¼\"', 3, 2.00, 5.00),
(304, 46, 4, '12\"', 3, 2.00, 5.00),
(305, 46, 4, '2\"', 3, 2.00, 5.00),
(306, 46, 4, '2½\"', 3, 2.00, 5.00),
(307, 46, 4, '3\"', 3, 2.00, 5.00),
(308, 46, 4, '¾\"', 3, 2.00, 5.00),
(309, 46, 4, '4\"', 3, 2.00, 5.00),
(310, 46, 4, '6\"', 3, 2.00, 5.00),
(311, 46, 4, '8\"', 3, 2.00, 5.00),
(312, 47, 4, '1\"', 3, 2.00, 5.00),
(313, 47, 4, '½\"', 3, 2.00, 5.00),
(314, 47, 4, '10\"', 3, 2.00, 5.00),
(315, 47, 4, '1½\"', 3, 2.00, 5.00),
(316, 47, 4, '1¼\"', 3, 2.00, 5.00),
(317, 47, 4, '12\"', 3, 2.00, 5.00),
(318, 47, 4, '2\"', 3, 2.00, 5.00),
(319, 47, 4, '2½\"', 3, 2.00, 5.00),
(320, 47, 4, '3\"', 3, 2.00, 5.00),
(321, 47, 4, '¾\"', 3, 2.00, 5.00),
(322, 47, 4, '4\"', 3, 2.00, 5.00),
(323, 47, 4, '6\"', 3, 2.00, 5.00),
(324, 47, 4, '8\"', 3, 2.00, 5.00),
(325, 48, 4, '1\"', 3, 2.00, 5.00),
(326, 48, 4, '½\"', 3, 2.00, 5.00),
(327, 48, 4, '10\"', 3, 2.00, 5.00),
(328, 48, 4, '1½\"', 3, 2.00, 5.00),
(329, 48, 4, '1¼\"', 3, 2.00, 5.00),
(330, 48, 4, '12\"', 3, 2.00, 5.00),
(331, 48, 4, '2\"', 3, 2.00, 5.00),
(332, 48, 4, '2½\"', 3, 2.00, 5.00),
(333, 48, 4, '3\"', 3, 2.00, 5.00),
(334, 48, 4, '¾\"', 3, 2.00, 5.00),
(335, 48, 4, '4\"', 3, 2.00, 5.00),
(336, 48, 4, '6\"', 3, 2.00, 5.00),
(337, 48, 4, '8\"', 3, 2.00, 5.00),
(338, 49, 4, '1\"', 3, 2.00, 5.00),
(339, 49, 4, '½\"', 3, 2.00, 5.00),
(340, 49, 4, '10\"', 3, 2.00, 5.00),
(341, 49, 4, '1½\"', 3, 2.00, 5.00),
(342, 49, 4, '1¼\"', 3, 2.00, 5.00),
(343, 49, 4, '12\"', 3, 2.00, 5.00),
(344, 49, 4, '2\"', 3, 2.00, 5.00),
(345, 49, 4, '2½\"', 3, 2.00, 5.00),
(346, 49, 4, '3\"', 3, 2.00, 5.00),
(347, 49, 4, '¾\"', 3, 2.00, 5.00),
(348, 49, 4, '4\"', 3, 2.00, 5.00),
(349, 49, 4, '6\"', 3, 2.00, 5.00),
(350, 49, 4, '8\"', 3, 2.00, 5.00),
(351, 50, 4, '1\"', 3, 2.00, 5.00),
(352, 50, 4, '½\"', 3, 2.00, 5.00),
(353, 50, 4, '10\"', 3, 2.00, 5.00),
(354, 50, 4, '1½\"', 3, 2.00, 5.00),
(355, 50, 4, '1¼\"', 3, 2.00, 5.00),
(356, 50, 4, '12\"', 3, 2.00, 5.00),
(357, 50, 4, '2\"', 3, 2.00, 5.00),
(358, 50, 4, '2½\"', 3, 2.00, 5.00),
(359, 50, 4, '3\"', 3, 2.00, 5.00),
(360, 50, 4, '¾\"', 3, 2.00, 5.00),
(361, 50, 4, '4\"', 3, 2.00, 5.00),
(362, 50, 4, '6\"', 3, 2.00, 5.00),
(363, 50, 4, '8\"', 3, 2.00, 5.00),
(364, 51, 4, '1\"', 3, 2.00, 5.00),
(365, 51, 4, '½\"', 3, 2.00, 5.00),
(366, 51, 4, '10\"', 3, 2.00, 5.00),
(367, 51, 4, '1½\"', 3, 2.00, 5.00),
(368, 51, 4, '1¼\"', 3, 2.00, 5.00),
(369, 51, 4, '12\"', 3, 2.00, 5.00),
(370, 51, 4, '2\"', 3, 2.00, 5.00),
(371, 51, 4, '2½\"', 3, 2.00, 5.00),
(372, 51, 4, '3\"', 3, 2.00, 5.00),
(373, 51, 4, '¾\"', 3, 2.00, 5.00),
(374, 51, 4, '4\"', 3, 2.00, 5.00),
(375, 51, 4, '6\"', 3, 2.00, 5.00),
(376, 51, 4, '8\"', 3, 2.00, 5.00),
(377, 52, 4, '1\"', 3, 2.00, 5.00),
(378, 52, 4, '½\"', 3, 2.00, 5.00),
(379, 52, 4, '10\"', 3, 2.00, 5.00),
(380, 52, 4, '1½\"', 3, 2.00, 5.00),
(381, 52, 4, '1¼\"', 3, 2.00, 5.00),
(382, 52, 4, '12\"', 3, 2.00, 5.00),
(383, 52, 4, '2\"', 3, 2.00, 5.00),
(384, 52, 4, '2½\"', 3, 2.00, 5.00),
(385, 52, 4, '3\"', 3, 2.00, 5.00),
(386, 52, 4, '¾\"', 3, 2.00, 5.00),
(387, 52, 4, '4\"', 3, 2.00, 5.00),
(388, 52, 4, '6\"', 3, 2.00, 5.00),
(389, 52, 4, '8\"', 3, 2.00, 5.00),
(390, 44, 4, '¾\"-½\"', 0, 0.00, 0.00),
(391, 44, 4, '1\"-½\"', 0, 0.00, 0.00),
(392, 44, 4, '1\"-¾\"', 0, 0.00, 0.00),
(393, 44, 4, '1¼\"-½\"', 0, 0.00, 0.00),
(394, 44, 4, '1¼\"-¾\"', 0, 0.00, 0.00),
(395, 44, 4, '1¼\"-1\"', 0, 0.00, 0.00),
(396, 44, 4, '1½\"-½\"', 0, 0.00, 0.00),
(397, 44, 4, '1½\"-¾\"', 0, 0.00, 0.00),
(398, 44, 4, '1½\"-1\"', 0, 0.00, 0.00),
(399, 44, 4, '1½\"-1¼\"', 0, 0.00, 0.00),
(400, 44, 4, '2\"-½\"', 0, 0.00, 0.00),
(401, 44, 4, '2\"-¾\"', 0, 0.00, 0.00),
(402, 44, 4, '2\"-1\"', 0, 0.00, 0.00),
(403, 44, 4, '2\"-1¼\"', 0, 0.00, 0.00),
(404, 44, 4, '2\"-1½\"', 0, 0.00, 0.00),
(405, 44, 4, '2½\"-½\"', 0, 0.00, 0.00),
(406, 44, 4, '2½\"-¾\"', 0, 0.00, 0.00),
(407, 44, 4, '2½\"-1\"', 0, 0.00, 0.00),
(408, 44, 4, '2½\"-1¼\"', 0, 0.00, 0.00),
(409, 44, 4, '2½\"-1½\"', 0, 0.00, 0.00),
(410, 44, 4, '2½\"-2\"', 0, 0.00, 0.00),
(411, 44, 4, '3\"-½\"', 0, 0.00, 0.00),
(412, 44, 4, '3\"-¾\"', 0, 0.00, 0.00),
(413, 44, 4, '3\"-1\"', 0, 0.00, 0.00),
(414, 44, 4, '3\"-1¼\"', 0, 0.00, 0.00),
(415, 44, 4, '3\"-1½\"', 0, 0.00, 0.00),
(416, 44, 4, '3\"-2\"', 0, 0.00, 0.00),
(417, 44, 4, '3\"-2½\"', 0, 0.00, 0.00),
(418, 44, 4, '4\"-1\"', 0, 0.00, 0.00),
(419, 44, 4, '4\"-2\"', 0, 0.00, 0.00),
(420, 44, 4, '4\"-2½\"', 0, 0.00, 0.00),
(421, 44, 4, '4\"-3\"', 0, 0.00, 0.00),
(422, 44, 4, '6\"-4\"', 0, 0.00, 0.00),
(423, 44, 4, '8\"-4\"', 0, 0.00, 0.00),
(424, 44, 4, '8\"-6\"', 0, 0.00, 0.00),
(425, 89, 8, '½\"', 5, 5.00, 0.00),
(426, 89, 8, '¾\"', 8, 9.00, 30.00),
(427, 89, 8, '1\"', 22, 15.00, 0.00),
(428, 89, 8, '1 ¼\"', 10, 17.00, 0.00),
(429, 89, 8, '1 ½\"', 8, 25.00, 10.00),
(430, 89, 8, '2\"', 0, 22.00, 17.00),
(431, 89, 8, '2½\"', 0, 0.00, 0.00),
(432, 89, 8, '3\"', 0, 0.00, 0.00),
(433, 89, 8, '4\"', 0, 0.00, 0.00),
(434, 90, 8, '½\"', 5, 5.00, 0.00),
(435, 90, 8, '¾\"', 8, 9.00, 30.00),
(436, 90, 8, '1\"', 22, 15.00, 0.00),
(437, 90, 8, '1 ¼\"', 10, 17.00, 0.00),
(438, 90, 8, '1 ½\"', 8, 25.00, 10.00),
(439, 90, 8, '2\"', 0, 22.00, 17.00),
(440, 90, 8, '2 ½\"', 0, 0.00, 0.00),
(441, 90, 8, '3\"', 0, 0.00, 0.00),
(442, 90, 8, '4\"', 0, 0.00, 0.00),
(443, 91, 8, '½\"', 5, 5.00, 0.00),
(444, 91, 8, '¾\"', 8, 9.00, 30.00),
(445, 91, 8, '1\"', 22, 15.00, 0.00),
(446, 91, 8, '1 ¼\"', 10, 17.00, 0.00),
(448, 91, 8, '1 ½\"', 8, 25.00, 10.00),
(449, 91, 8, '2\"', 0, 22.00, 17.00),
(450, 91, 8, '2 ½\"', 0, 0.00, 0.00),
(451, 91, 8, '3\"', 0, 0.00, 0.00),
(452, 91, 8, '4\"', 0, 0.00, 0.00),
(453, 92, 8, '½\"', 5, 5.00, 0.00),
(454, 92, 8, '¾\"', 8, 9.00, 30.00),
(455, 92, 8, '1\"', 22, 15.00, 0.00),
(456, 92, 8, '1 ¼\"', 10, 17.00, 0.00),
(457, 92, 8, '1 ½\"', 8, 25.00, 10.00),
(458, 92, 8, '2\"', 0, 22.00, 17.00),
(459, 92, 8, '2 ½\"', 0, 0.00, 0.00),
(460, 92, 8, '3\"', 0, 0.00, 0.00),
(461, 92, 8, '4\"', 0, 0.00, 0.00),
(462, 93, 8, '½\"', 5, 5.00, 0.00),
(463, 93, 8, '¾\"', 8, 9.00, 30.00),
(464, 93, 8, '1\"', 22, 15.00, 0.00),
(465, 93, 8, '1 ¼\"', 10, 17.00, 0.00),
(466, 93, 8, '1 ½\"', 8, 25.00, 10.00),
(467, 93, 8, '2\"', 0, 22.00, 17.00),
(468, 93, 8, '2 ½\"', 0, 0.00, 0.00),
(469, 93, 8, '3\"', 0, 0.00, 0.00),
(470, 93, 8, '4\"', 0, 0.00, 0.00),
(471, 94, 8, '½\"', 5, 5.00, 0.00),
(472, 94, 8, '¾\"', 8, 9.00, 30.00),
(473, 94, 8, '1\"', 22, 15.00, 0.00),
(474, 94, 8, '1 ¼\"', 10, 17.00, 0.00),
(475, 94, 8, '1 ½\"', 8, 25.00, 10.00),
(476, 94, 8, '2\"', 0, 22.00, 17.00),
(477, 94, 8, '2 ½\"', 0, 0.00, 0.00),
(478, 94, 8, '3\"', 0, 0.00, 0.00),
(479, 94, 8, '4\"', 0, 0.00, 0.00),
(480, 95, 8, '½\"', 5, 5.00, 0.00),
(481, 95, 8, '¾\"', 8, 9.00, 30.00),
(482, 95, 8, '1\"', 22, 15.00, 0.00),
(483, 95, 8, '1 ¼\"', 10, 17.00, 0.00),
(484, 95, 8, '1 ½\"', 8, 25.00, 10.00),
(485, 95, 8, '2\"', 0, 22.00, 17.00),
(486, 95, 8, '2 ½\"', 0, 0.00, 0.00),
(487, 95, 8, '3\"', 0, 0.00, 0.00),
(488, 95, 8, '4\"', 0, 0.00, 0.00),
(489, 96, 8, '½\"', 5, 5.00, 0.00),
(490, 96, 8, '¾\"', 8, 9.00, 30.00),
(491, 96, 8, '1\"', 22, 15.00, 0.00),
(492, 96, 8, '1 ¼\"', 10, 17.00, 0.00),
(493, 96, 8, '1 ½\"', 8, 25.00, 10.00),
(494, 96, 8, '2\"', 0, 22.00, 17.00),
(495, 96, 8, '2 ½\"', 0, 0.00, 0.00),
(496, 96, 8, '3\"', 0, 0.00, 0.00),
(497, 96, 8, '4\"', 0, 0.00, 0.00),
(498, 97, 8, '½\"', 5, 5.00, 0.00),
(499, 97, 8, '¾\"', 8, 9.00, 30.00),
(500, 97, 8, '1\"', 22, 15.00, 0.00),
(501, 97, 8, '1 ¼\"', 10, 17.00, 0.00),
(502, 97, 8, '1 ½\"', 8, 25.00, 10.00),
(503, 97, 8, '2\"', 0, 22.00, 17.00),
(504, 97, 8, '2 ½\"', 0, 0.00, 0.00),
(505, 97, 8, '3\"', 0, 0.00, 0.00),
(506, 97, 8, '4\"', 0, 0.00, 0.00),
(507, 98, 8, '½\"', 5, 5.00, 0.00),
(508, 98, 8, '¾\"', 8, 9.00, 30.00),
(509, 98, 8, '1\"', 22, 15.00, 0.00),
(510, 98, 8, '1 ¼\"', 10, 17.00, 0.00),
(511, 98, 8, '1 ½\"', 8, 25.00, 10.00),
(512, 98, 8, '2\"', 0, 22.00, 17.00),
(513, 98, 8, '2 ½\"', 0, 0.00, 0.00),
(514, 98, 8, '3\"', 0, 0.00, 0.00),
(515, 98, 8, '4\"', 0, 0.00, 0.00),
(516, 99, 8, '½\"', 5, 5.00, 0.00),
(517, 99, 8, '¾\"', 8, 9.00, 30.00),
(518, 99, 8, '1\"', 22, 15.00, 0.00),
(519, 99, 8, '1 ¼\"', 10, 17.00, 0.00),
(520, 99, 8, '1 ½\"', 8, 25.00, 10.00),
(521, 99, 8, '2\"', 0, 22.00, 17.00),
(522, 99, 8, '2 ½\"', 0, 0.00, 0.00),
(523, 99, 8, '3\"', 0, 0.00, 0.00),
(524, 99, 8, '4\"', 0, 0.00, 0.00),
(525, 100, 8, '¾\"x½\"', 10, 0.00, 0.00),
(526, 100, 8, '1\"x½\"', 10, 0.00, 0.00),
(527, 100, 8, '1\"x ¾\"\"', 8, 0.00, 0.00),
(528, 100, 8, '1.¼\"x ½\"', 5, 0.00, 0.00),
(560, 100, 8, '1.¼\"x¾\"', 5, 0.00, 0.00),
(561, 100, 8, '1.¼\"x1\"', 5, 0.00, 0.00),
(562, 100, 8, '1.½\"x½\"', 5, 0.00, 0.00),
(563, 100, 8, '1.½\"x ¾\"', 5, 0.00, 0.00),
(564, 100, 8, '1.½\"x 1\"', 5, 0.00, 0.00),
(565, 100, 8, '1.½\"x 1.¼\"', 5, 0.00, 0.00),
(566, 100, 8, '2\"x½\"', 5, 0.00, 0.00),
(567, 100, 8, '2\"x¾\"', 5, 0.00, 0.00),
(568, 100, 8, '2\"x 1\"', 5, 0.00, 0.00),
(569, 100, 8, '2\"x 1.¼\"', 5, 0.00, 0.00),
(570, 100, 8, '2\"x1.½\"', 5, 0.00, 0.00),
(571, 100, 8, '2.½\"x½\"', 5, 0.00, 0.00),
(572, 100, 8, '2.½\"x ¾', 5, 0.00, 0.00),
(573, 100, 8, '2.½\"x 1\"', 5, 0.00, 0.00),
(574, 100, 8, '2.½\"x 1.¼\"', 5, 0.00, 0.00),
(575, 100, 8, '2.½\"x 1.½\"', 5, 0.00, 0.00),
(576, 100, 8, '2.½\"\"x 2\"', 5, 0.00, 0.00),
(577, 100, 8, '3\"x½\"', 5, 0.00, 0.00),
(578, 100, 8, '3\"x¾\"', 5, 0.00, 0.00),
(579, 100, 8, '3\"x1\"', 5, 0.00, 0.00),
(580, 100, 8, '3\"x1.¼\"', 5, 0.00, 0.00),
(581, 100, 8, '3\"x1.½\"', 5, 0.00, 0.00),
(582, 100, 8, '3\"x2\"', 5, 0.00, 0.00),
(583, 100, 8, '3\"x2.½\"', 5, 0.00, 0.00),
(584, 100, 8, '4\"x1\"', 5, 0.00, 0.00),
(585, 100, 8, '4\"x1.¼\"', 5, 0.00, 0.00),
(586, 100, 8, '4\"x1.½\"', 5, 0.00, 0.00),
(587, 100, 8, '4\"x2\"', 5, 0.00, 0.00),
(588, 100, 8, '4\"x2.½\"', 5, 0.00, 0.00),
(589, 100, 8, '4\"x3\"', 5, 0.00, 0.00),
(590, 101, 8, '¾\"x ½\"', 5, 0.00, 0.00),
(591, 101, 8, '1\"x ½\"', 5, 0.00, 0.00),
(592, 101, 8, '1\"x ¼\"', 5, 0.00, 0.00),
(593, 101, 8, '1.¼\"x ½\"', 5, 0.00, 0.00),
(594, 101, 8, '1.¼\"x¾\"', 5, 0.00, 0.00),
(595, 101, 8, '1.¼\"x1\"', 5, 0.00, 0.00),
(596, 101, 8, '1.½\"x½\"', 5, 0.00, 0.00),
(597, 101, 8, '1.½\"x ¾\"', 5, 0.00, 0.00),
(598, 101, 8, '1.½\"x 1\"', 5, 0.00, 0.00),
(599, 101, 8, '1.½\"x 1.¼\"', 5, 0.00, 0.00),
(600, 101, 8, '2\"x½\"', 5, 0.00, 0.00),
(601, 101, 8, '2\"x¾\"', 5, 0.00, 0.00),
(602, 101, 8, '2\"x 1\"', 5, 0.00, 0.00),
(603, 101, 8, '2\"x 1.¼\"', 5, 0.00, 0.00),
(604, 101, 8, '2\"x1.½\"', 5, 0.00, 0.00),
(605, 101, 8, '2.½\"x½\"', 5, 0.00, 0.00),
(606, 101, 8, '2.½\"\"x ¾\"', 5, 0.00, 0.00),
(607, 101, 8, '2.½\"\"x 1\"', 5, 0.00, 0.00),
(608, 101, 8, '2.½\"\"x 1.¼\"', 5, 0.00, 0.00),
(609, 101, 8, '2.½\"\"x 1.½\"', 5, 0.00, 0.00),
(610, 101, 8, '2.½\"\"x 2\"', 5, 0.00, 0.00),
(611, 101, 8, '3\"x½\"', 5, 0.00, 0.00),
(612, 101, 8, '3\"x¾\"', 5, 0.00, 0.00),
(613, 101, 8, '3\"x1\"', 5, 0.00, 0.00),
(614, 101, 8, '3\"x1.¼\"', 5, 0.00, 0.00),
(615, 101, 8, '3\"x1.½\"', 5, 0.00, 0.00),
(616, 101, 8, '3\"x2\"', 5, 0.00, 0.00),
(617, 101, 8, '3\"x2.½\"', 5, 0.00, 0.00),
(618, 101, 8, '4\"x1\"', 5, 0.00, 0.00),
(619, 101, 8, '4\"x1.¼\"', 5, 0.00, 0.00),
(620, 101, 8, '4\"x1.½\"', 5, 0.00, 0.00),
(621, 101, 8, '4\"x2\"', 5, 0.00, 0.00),
(622, 101, 8, '4\"x2.½\"', 5, 0.00, 0.00),
(623, 101, 8, '4\"x3\"', 5, 0.00, 0.00),
(624, 102, 8, 'Corrido', 10, 0.00, 0.00),
(625, 102, 8, '5 cm', 10, 0.00, 0.00),
(626, 102, 8, '10 cm', 10, 0.00, 0.00),
(627, 102, 8, '15 cm', 10, 0.00, 0.00),
(628, 102, 8, '20 cm', 10, 0.00, 0.00),
(629, 102, 8, '25 cm', 10, 0.00, 0.00),
(630, 102, 8, '30 cm', 10, 0.00, 0.00),
(631, 102, 8, '40 cm', 10, 0.00, 0.00),
(632, 102, 8, '50 cm', 10, 0.00, 0.00),
(633, 102, 8, '60 cm', 10, 0.00, 0.00),
(634, 102, 8, '70 cm', 10, 0.00, 0.00),
(635, 102, 8, '80 cm', 10, 0.00, 0.00),
(636, 102, 8, '90 cm', 10, 0.00, 0.00),
(637, 102, 8, '100cm', 10, 0.00, 0.00),
(638, 103, 8, 'Corrido', 10, 0.00, 0.00),
(639, 103, 8, '5 cm', 10, 0.00, 0.00),
(640, 103, 8, '10 cm', 10, 0.00, 0.00),
(641, 103, 8, '15 cm', 10, 0.00, 0.00),
(642, 103, 8, '20 cm', 10, 0.00, 0.00),
(643, 103, 8, '25 cm', 10, 0.00, 0.00),
(644, 103, 8, '30 cm', 10, 0.00, 0.00),
(645, 103, 8, '40 cm', 10, 0.00, 0.00),
(646, 103, 8, '50 cm', 10, 0.00, 0.00),
(647, 103, 8, '60 cm', 10, 0.00, 0.00),
(648, 103, 8, '70 cm', 10, 0.00, 0.00),
(649, 103, 8, '80 cm', 10, 0.00, 0.00),
(650, 103, 8, '90 cm', 10, 0.00, 0.00),
(651, 103, 8, '100cm', 10, 0.00, 0.00),
(652, 104, 8, 'Corrido', 10, 0.00, 0.00),
(653, 104, 8, '5 cm', 10, 0.00, 0.00),
(654, 104, 8, '10 cm', 10, 0.00, 0.00),
(655, 104, 8, '15 cm', 10, 0.00, 0.00),
(656, 104, 8, '20 cm', 10, 0.00, 0.00),
(657, 104, 8, '25 cm', 10, 0.00, 0.00),
(658, 104, 8, '30 cm', 10, 0.00, 0.00),
(659, 104, 8, '40 cm', 10, 0.00, 0.00),
(660, 104, 8, '50 cm', 10, 0.00, 0.00),
(661, 104, 8, '60 cm', 10, 0.00, 0.00),
(662, 104, 8, '70 cm', 10, 0.00, 0.00),
(663, 104, 8, '80 cm', 10, 0.00, 0.00),
(664, 104, 8, '90 cm', 10, 0.00, 0.00),
(665, 104, 8, '100cm', 10, 0.00, 0.00),
(666, 105, 8, 'Corrido', 10, 0.00, 0.00),
(667, 105, 8, '5 cm', 10, 0.00, 0.00),
(668, 105, 8, '10 cm', 10, 0.00, 0.00),
(669, 105, 8, '15 cm', 10, 0.00, 0.00),
(670, 105, 8, '20 cm', 10, 0.00, 0.00),
(671, 105, 8, '25 cm', 10, 0.00, 0.00),
(672, 105, 8, '30 cm', 10, 0.00, 0.00),
(673, 105, 8, '40 cm', 10, 0.00, 0.00),
(674, 105, 8, '50 cm', 10, 0.00, 0.00),
(675, 105, 8, '60 cm', 10, 0.00, 0.00),
(676, 105, 8, '70 cm', 10, 0.00, 0.00),
(677, 105, 8, '80 cm', 10, 0.00, 0.00),
(678, 105, 8, '90 cm', 10, 0.00, 0.00),
(679, 105, 8, '100cm', 10, 0.00, 0.00),
(680, 106, 8, 'Corrido', 10, 0.00, 0.00),
(681, 106, 8, '5 cm', 10, 0.00, 0.00),
(682, 106, 8, '10 cm', 10, 0.00, 0.00),
(683, 106, 8, '15 cm', 10, 0.00, 0.00),
(684, 106, 8, '20 cm', 10, 0.00, 0.00),
(685, 106, 8, '25 cm', 10, 0.00, 0.00),
(686, 106, 8, '30 cm', 10, 0.00, 0.00),
(687, 106, 8, '40 cm', 10, 0.00, 0.00),
(688, 106, 8, '50 cm', 10, 0.00, 0.00),
(689, 106, 8, '60 cm', 10, 0.00, 0.00),
(690, 106, 8, '70 cm', 10, 0.00, 0.00),
(691, 106, 8, '80 cm', 10, 0.00, 0.00),
(692, 106, 8, '90 cm', 10, 0.00, 0.00),
(693, 106, 8, '100cm', 10, 0.00, 0.00),
(694, 107, 8, 'Corrido', 10, 0.00, 0.00),
(695, 107, 8, '10 cm', 10, 0.00, 0.00),
(696, 107, 8, '15 cm', 10, 0.00, 0.00),
(697, 107, 8, '20 cm', 10, 0.00, 0.00),
(698, 107, 8, '25 cm', 10, 0.00, 0.00),
(699, 107, 8, '30 cm', 10, 0.00, 0.00),
(700, 107, 8, '40 cm', 10, 0.00, 0.00),
(701, 107, 8, '50 cm', 10, 0.00, 0.00),
(702, 107, 8, '60 cm', 10, 0.00, 0.00),
(703, 107, 8, '70 cm', 10, 0.00, 0.00),
(704, 107, 8, '80 cm', 10, 0.00, 0.00),
(705, 107, 8, '90 cm', 10, 0.00, 0.00),
(706, 107, 8, '100cm', 10, 0.00, 0.00),
(707, 108, 8, 'Corrido', 10, 0.00, 0.00),
(708, 108, 8, '10 cm', 10, 0.00, 0.00),
(709, 108, 8, '15 cm', 10, 0.00, 0.00),
(710, 108, 8, '20 cm', 10, 0.00, 0.00),
(711, 108, 8, '25 cm', 10, 0.00, 0.00),
(712, 108, 8, '30 cm', 10, 0.00, 0.00),
(713, 108, 8, '40 cm', 10, 0.00, 0.00),
(714, 108, 8, '50 cm', 10, 0.00, 0.00),
(715, 108, 8, '60 cm', 10, 0.00, 0.00),
(716, 108, 8, '70 cm', 10, 0.00, 0.00),
(717, 108, 8, '80 cm', 10, 0.00, 0.00),
(718, 108, 8, '90 cm', 10, 0.00, 0.00),
(719, 108, 8, '100cm', 10, 0.00, 0.00),
(720, 109, 8, 'Corrido', 10, 0.00, 0.00),
(721, 109, 8, '10 cm', 10, 0.00, 0.00),
(722, 109, 8, '15 cm', 10, 0.00, 0.00),
(723, 109, 8, '20 cm', 10, 0.00, 0.00),
(724, 109, 8, '25 cm', 10, 0.00, 0.00),
(725, 109, 8, '30 cm', 10, 0.00, 0.00),
(726, 109, 8, '40 cm', 10, 0.00, 0.00),
(727, 109, 8, '50 cm', 10, 0.00, 0.00),
(728, 109, 8, '60 cm', 10, 0.00, 0.00),
(729, 109, 8, '70 cm', 10, 0.00, 0.00),
(730, 109, 8, '80 cm', 10, 0.00, 0.00),
(731, 109, 8, '90 cm', 10, 0.00, 0.00),
(732, 109, 8, '100cm', 10, 0.00, 0.00),
(733, 110, 8, 'Corrido', 10, 0.00, 0.00),
(734, 110, 8, '10 cm', 10, 0.00, 0.00),
(735, 110, 8, '15 cm', 10, 0.00, 0.00),
(736, 110, 8, '20 cm', 10, 0.00, 0.00),
(737, 110, 8, '25 cm', 10, 0.00, 0.00),
(738, 110, 8, '30 cm', 10, 0.00, 0.00),
(739, 110, 8, '40 cm', 10, 0.00, 0.00),
(740, 110, 8, '50 cm', 10, 0.00, 0.00),
(741, 110, 8, '60 cm', 10, 0.00, 0.00),
(742, 110, 8, '70 cm', 10, 0.00, 0.00),
(743, 110, 8, '80 cm', 10, 0.00, 0.00),
(744, 110, 8, '90 cm', 10, 0.00, 0.00),
(745, 110, 8, '100cm', 10, 0.00, 0.00);

-- --------------------------------------------------------

--
-- Table structure for table `recomendaciones_categoria`
--

CREATE TABLE `recomendaciones_categoria` (
  `id` int(11) NOT NULL,
  `categoria_id` int(11) NOT NULL,
  `producto_id` int(11) NOT NULL,
  `orden` int(11) DEFAULT 0,
  `activo` tinyint(1) DEFAULT 1,
  `created_at` timestamp NOT NULL DEFAULT current_timestamp(),
  `rec_id` int(11) DEFAULT NULL
) ENGINE=InnoDB DEFAULT CHARSET=utf8 COLLATE=utf8_spanish_ci;

--
-- Dumping data for table `recomendaciones_categoria`
--

INSERT INTO `recomendaciones_categoria` (`id`, `categoria_id`, `producto_id`, `orden`, `activo`, `created_at`, `rec_id`) VALUES
(1, 1, 8, 1, 1, '2025-10-07 20:43:06', 1),
(2, 1, 13, 2, 1, '2025-10-07 20:43:06', 1),
(3, 1, 54, 3, 1, '2025-10-07 20:43:06', 1);

--
-- Indexes for dumped tables
--

--
-- Indexes for table `categorias`
--
ALTER TABLE `categorias`
  ADD PRIMARY KEY (`id`),
  ADD UNIQUE KEY `nombre` (`nombre`),
  ADD UNIQUE KEY `slug` (`slug`);

--
-- Indexes for table `medidas_categoria`
--
ALTER TABLE `medidas_categoria`
  ADD PRIMARY KEY (`id`),
  ADD UNIQUE KEY `uk_categoria_medida` (`categoria_id`,`medida_id`),
  ADD KEY `idx_categoria` (`categoria_id`);

--
-- Indexes for table `productos`
--
ALTER TABLE `productos`
  ADD PRIMARY KEY (`id`),
  ADD KEY `categoria_id` (`categoria_id`);

--
-- Indexes for table `productos_medidas`
--
ALTER TABLE `productos_medidas`
  ADD PRIMARY KEY (`id`),
  ADD UNIQUE KEY `unique_medida_por_producto` (`producto_id`,`medida_id`),
  ADD KEY `idx_producto_id` (`producto_id`);

--
-- Indexes for table `recomendaciones_categoria`
--
ALTER TABLE `recomendaciones_categoria`
  ADD PRIMARY KEY (`id`),
  ADD KEY `producto_id` (`producto_id`);

--
-- AUTO_INCREMENT for dumped tables
--

--
-- AUTO_INCREMENT for table `categorias`
--
ALTER TABLE `categorias`
  MODIFY `id` int(11) NOT NULL AUTO_INCREMENT, AUTO_INCREMENT=25;

--
-- AUTO_INCREMENT for table `medidas_categoria`
--
ALTER TABLE `medidas_categoria`
  MODIFY `id` int(11) NOT NULL AUTO_INCREMENT, AUTO_INCREMENT=52;

--
-- AUTO_INCREMENT for table `productos`
--
ALTER TABLE `productos`
  MODIFY `id` int(11) NOT NULL AUTO_INCREMENT, AUTO_INCREMENT=111;

--
-- AUTO_INCREMENT for table `productos_medidas`
--
ALTER TABLE `productos_medidas`
  MODIFY `id` int(11) NOT NULL AUTO_INCREMENT, AUTO_INCREMENT=1148;

--
-- AUTO_INCREMENT for table `recomendaciones_categoria`
--
ALTER TABLE `recomendaciones_categoria`
  MODIFY `id` int(11) NOT NULL AUTO_INCREMENT, AUTO_INCREMENT=4;

--
-- Constraints for dumped tables
--

--
-- Constraints for table `productos`
--
ALTER TABLE `productos`
  ADD CONSTRAINT `productos_ibfk_1` FOREIGN KEY (`categoria_id`) REFERENCES `categorias` (`id`) ON UPDATE CASCADE;

--
-- Constraints for table `productos_medidas`
--
ALTER TABLE `productos_medidas`
  ADD CONSTRAINT `productos_medidas_ibfk_1` FOREIGN KEY (`producto_id`) REFERENCES `productos` (`id`) ON DELETE CASCADE;

--
-- Constraints for table `recomendaciones_categoria`
--
ALTER TABLE `recomendaciones_categoria`
  ADD CONSTRAINT `recomendaciones_categoria_ibfk_1` FOREIGN KEY (`producto_id`) REFERENCES `productos` (`id`);
COMMIT;

/*!40101 SET CHARACTER_SET_CLIENT=@OLD_CHARACTER_SET_CLIENT */;
/*!40101 SET CHARACTER_SET_RESULTS=@OLD_CHARACTER_SET_RESULTS */;
/*!40101 SET COLLATION_CONNECTION=@OLD_COLLATION_CONNECTION */;
